,Year,Zone,Jan,Feb,Mar,Apr,May,Jun,Jul,Aug,Sep,Oct,Nov,Dec
0,1880,Global,-0.18,-0.25,-0.09,-0.16,-0.1,-0.21,-0.18,-0.1,-0.14,-0.24,-0.22,-0.17
1,1880,South Hemisphere,0.01,0.04,0.07,-0.01,-0.12,-0.24,-0.16,0.07,-0.04,-0.14,0.01,0.06
2,1880,North Hemisphere,-0.37,-0.53,-0.24,-0.31,-0.07,-0.17,-0.2,-0.28,-0.24,-0.33,-0.44,-0.41
3,1881,Global,-0.19,-0.14,0.03,0.05,0.06,-0.19,0.01,-0.03,-0.15,-0.22,-0.18,-0.07
4,1881,South Hemisphere,-0.07,-0.05,0.1,0.1,0.09,-0.05,-0.07,-0.02,-0.03,0.0,0.01,0.1
5,1881,North Hemisphere,-0.32,-0.23,-0.05,-0.01,0.02,-0.34,0.07,-0.05,-0.27,-0.45,-0.38,-0.25
6,1882,Global,0.16,0.14,0.05,-0.16,-0.14,-0.22,-0.16,-0.08,-0.15,-0.23,-0.17,-0.36
7,1882,South Hemisphere,0.08,0.08,0.08,-0.01,-0.03,-0.15,-0.04,0.02,-0.04,0.04,0.0,-0.06
8,1882,North Hemisphere,0.25,0.2,0.01,-0.31,-0.24,-0.29,-0.29,-0.17,-0.26,-0.52,-0.35,-0.7
9,1883,Global,-0.29,-0.37,-0.12,-0.19,-0.18,-0.07,-0.07,-0.14,-0.22,-0.11,-0.24,-0.11
10,1883,South Hemisphere,-0.01,-0.07,-0.08,-0.06,-0.09,-0.02,-0.08,-0.05,-0.1,-0.06,-0.04,-0.05
11,1883,North Hemisphere,-0.59,-0.67,-0.16,-0.31,-0.26,-0.12,-0.06,-0.23,-0.35,-0.17,-0.45,-0.16
12,1884,Global,-0.13,-0.08,-0.36,-0.4,-0.34,-0.35,-0.33,-0.28,-0.27,-0.25,-0.33,-0.31
13,1884,South Hemisphere,-0.08,-0.05,-0.1,-0.21,-0.31,-0.29,-0.21,-0.06,-0.11,-0.06,-0.1,-0.15
14,1884,North Hemisphere,-0.18,-0.12,-0.65,-0.6,-0.37,-0.42,-0.45,-0.52,-0.45,-0.45,-0.58,-0.48
15,1885,South Hemisphere,-0.19,-0.22,-0.29,-0.35,-0.32,-0.42,-0.33,-0.22,-0.19,-0.12,-0.1,-0.09
16,1885,North Hemisphere,-1.02,-0.46,-0.24,-0.5,-0.59,-0.45,-0.34,-0.42,-0.4,-0.37,-0.39,-0.12
17,1885,Global,-0.59,-0.33,-0.26,-0.42,-0.45,-0.43,-0.34,-0.31,-0.28,-0.23,-0.24,-0.1
18,1886,North Hemisphere,-0.75,-0.84,-0.72,-0.38,-0.34,-0.38,-0.15,-0.43,-0.34,-0.32,-0.4,-0.22
19,1886,Global,-0.44,-0.51,-0.43,-0.28,-0.24,-0.35,-0.18,-0.31,-0.24,-0.28,-0.27,-0.25
20,1886,South Hemisphere,-0.14,-0.19,-0.16,-0.19,-0.15,-0.32,-0.21,-0.18,-0.14,-0.24,-0.14,-0.28
21,1887,North Hemisphere,-1.09,-0.71,-0.44,-0.39,-0.26,-0.21,-0.25,-0.55,-0.21,-0.49,-0.28,-0.44
22,1887,Global,-0.72,-0.57,-0.36,-0.35,-0.3,-0.25,-0.26,-0.35,-0.26,-0.36,-0.26,-0.33
23,1887,South Hemisphere,-0.36,-0.43,-0.27,-0.3,-0.35,-0.28,-0.26,-0.16,-0.29,-0.22,-0.24,-0.22
24,1888,North Hemisphere,-0.5,-0.62,-0.64,-0.22,-0.16,-0.03,-0.01,-0.22,-0.2,-0.04,-0.02,-0.24
25,1888,Global,-0.34,-0.36,-0.41,-0.2,-0.22,-0.17,-0.1,-0.16,-0.12,0.01,0.03,-0.04
26,1888,South Hemisphere,-0.2,-0.13,-0.21,-0.19,-0.29,-0.31,-0.2,-0.1,-0.04,0.06,0.07,0.15
27,1889,North Hemisphere,-0.29,0.28,-0.02,0.15,-0.04,-0.07,-0.09,-0.21,-0.31,-0.42,-0.62,-0.55
28,1889,South Hemisphere,0.09,0.04,0.13,0.03,0.02,-0.13,-0.06,-0.19,-0.17,-0.09,-0.05,-0.03
29,1889,Global,-0.09,0.16,0.06,0.09,-0.01,-0.1,-0.08,-0.2,-0.24,-0.25,-0.33,-0.29
30,1890,South Hemisphere,-0.2,-0.32,-0.33,-0.34,-0.43,-0.33,-0.32,-0.38,-0.38,-0.39,-0.24,-0.16
31,1890,North Hemisphere,-0.64,-0.58,-0.48,-0.25,-0.36,-0.16,-0.23,-0.39,-0.36,-0.11,-0.63,-0.47
32,1890,Global,-0.42,-0.45,-0.4,-0.3,-0.39,-0.25,-0.28,-0.39,-0.37,-0.25,-0.43,-0.31
33,1891,South Hemisphere,-0.2,-0.25,-0.2,-0.19,-0.17,-0.28,-0.22,-0.22,-0.23,-0.15,-0.1,-0.05
34,1891,North Hemisphere,-0.46,-0.69,-0.16,-0.36,-0.16,-0.12,-0.12,-0.13,-0.08,-0.28,-0.53,-0.04
35,1891,Global,-0.33,-0.47,-0.18,-0.27,-0.16,-0.2,-0.17,-0.17,-0.15,-0.22,-0.31,-0.04
36,1892,South Hemisphere,-0.08,-0.05,-0.13,-0.21,-0.23,-0.38,-0.25,-0.21,-0.12,0.0,-0.03,-0.11
37,1892,North Hemisphere,-0.5,-0.16,-0.67,-0.45,-0.24,-0.06,-0.38,-0.33,-0.21,-0.28,-0.82,-0.65
38,1892,Global,-0.29,-0.11,-0.4,-0.33,-0.23,-0.22,-0.32,-0.27,-0.17,-0.14,-0.42,-0.38
39,1893,South Hemisphere,-0.12,-0.17,-0.12,-0.24,-0.23,-0.32,-0.14,-0.16,-0.16,-0.09,-0.04,-0.06
40,1893,North Hemisphere,-1.52,-0.98,-0.32,-0.3,-0.43,-0.19,-0.14,-0.34,-0.29,-0.29,-0.34,-0.62
41,1893,Global,-0.81,-0.57,-0.22,-0.27,-0.33,-0.26,-0.14,-0.25,-0.22,-0.19,-0.19,-0.34
42,1894,North Hemisphere,-0.92,-0.43,-0.22,-0.55,-0.27,-0.41,-0.21,-0.28,-0.34,-0.28,-0.49,-0.36
43,1894,Global,-0.53,-0.31,-0.24,-0.46,-0.33,-0.41,-0.25,-0.25,-0.29,-0.24,-0.27,-0.23
44,1894,South Hemisphere,-0.15,-0.18,-0.25,-0.37,-0.38,-0.41,-0.28,-0.23,-0.25,-0.19,-0.06,-0.09
45,1895,Global,-0.42,-0.43,-0.34,-0.23,-0.28,-0.21,-0.18,-0.18,-0.13,-0.11,-0.17,-0.14
46,1895,South Hemisphere,-0.15,-0.06,-0.18,-0.26,-0.26,-0.22,-0.17,-0.09,-0.18,-0.12,-0.2,-0.05
47,1895,North Hemisphere,-0.71,-0.82,-0.51,-0.19,-0.31,-0.21,-0.19,-0.28,-0.06,-0.09,-0.13,-0.23
48,1896,Global,-0.22,-0.13,-0.26,-0.3,-0.16,-0.11,-0.02,-0.05,-0.07,0.06,-0.04,-0.04
49,1896,South Hemisphere,-0.07,-0.06,-0.03,-0.01,-0.15,-0.29,-0.04,0.01,-0.02,0.09,0.13,0.13
50,1896,North Hemisphere,-0.36,-0.19,-0.5,-0.61,-0.17,0.07,0.0,-0.11,-0.13,0.04,-0.21,-0.21
51,1897,Global,-0.15,-0.17,-0.14,-0.02,-0.01,-0.12,-0.03,-0.09,-0.09,-0.13,-0.17,-0.2
52,1897,South Hemisphere,0.1,0.08,0.12,0.01,-0.15,-0.16,-0.07,-0.11,-0.09,-0.09,-0.09,-0.12
53,1897,North Hemisphere,-0.4,-0.42,-0.4,-0.05,0.13,-0.06,0.04,-0.07,-0.07,-0.16,-0.26,-0.29
54,1898,South Hemisphere,-0.09,-0.15,-0.22,-0.33,-0.32,-0.29,-0.32,-0.35,-0.25,-0.31,-0.25,-0.19
55,1898,North Hemisphere,0.04,-0.45,-0.81,-0.29,-0.29,-0.09,-0.12,-0.18,-0.18,-0.37,-0.51,-0.27
56,1898,Global,-0.02,-0.3,-0.51,-0.31,-0.3,-0.19,-0.22,-0.27,-0.21,-0.34,-0.38,-0.23
57,1899,North Hemisphere,-0.13,-0.65,-0.6,-0.24,-0.25,-0.36,-0.18,-0.07,-0.05,0.04,0.35,-0.47
58,1899,Global,-0.16,-0.39,-0.36,-0.21,-0.24,-0.32,-0.17,-0.08,-0.05,-0.04,0.12,-0.26
59,1899,South Hemisphere,-0.19,-0.13,-0.14,-0.18,-0.22,-0.28,-0.16,-0.1,-0.04,-0.11,-0.08,-0.05
60,1900,North Hemisphere,-0.62,-0.15,0.05,-0.1,-0.04,-0.09,-0.12,-0.08,-0.03,0.23,-0.12,-0.03
61,1900,Global,-0.36,-0.06,0.0,-0.09,-0.09,-0.1,-0.13,-0.09,-0.05,0.09,-0.06,-0.07
62,1900,South Hemisphere,-0.1,0.03,-0.04,-0.07,-0.13,-0.09,-0.13,-0.08,-0.06,-0.01,0.01,-0.09
63,1901,North Hemisphere,-0.33,-0.1,0.27,0.1,-0.11,0.01,0.01,-0.16,-0.28,-0.33,-0.23,-0.41
64,1901,Global,-0.21,-0.11,0.06,-0.03,-0.15,-0.12,-0.15,-0.2,-0.22,-0.29,-0.18,-0.28
65,1901,South Hemisphere,-0.1,-0.12,-0.14,-0.15,-0.18,-0.24,-0.29,-0.24,-0.17,-0.26,-0.13,-0.15
66,1902,North Hemisphere,-0.18,0.01,-0.39,-0.39,-0.39,-0.37,-0.33,-0.29,-0.34,-0.3,-0.46,-0.6
67,1902,Global,-0.18,-0.07,-0.27,-0.28,-0.32,-0.3,-0.28,-0.3,-0.29,-0.29,-0.35,-0.41
68,1902,South Hemisphere,-0.19,-0.14,-0.16,-0.17,-0.25,-0.23,-0.22,-0.3,-0.23,-0.26,-0.25,-0.22
69,1903,Global,-0.23,-0.05,-0.22,-0.41,-0.39,-0.42,-0.35,-0.45,-0.5,-0.48,-0.42,-0.5
70,1903,South Hemisphere,-0.23,-0.22,-0.29,-0.35,-0.35,-0.39,-0.27,-0.35,-0.5,-0.47,-0.43,-0.45
71,1903,North Hemisphere,-0.22,0.11,-0.15,-0.46,-0.43,-0.45,-0.44,-0.56,-0.5,-0.5,-0.43,-0.57
72,1904,South Hemisphere,-0.5,-0.55,-0.55,-0.51,-0.59,-0.48,-0.42,-0.43,-0.47,-0.37,-0.24,-0.3
73,1904,North Hemisphere,-0.78,-0.59,-0.41,-0.5,-0.44,-0.49,-0.59,-0.54,-0.64,-0.39,-0.09,-0.34
74,1904,Global,-0.63,-0.57,-0.48,-0.5,-0.52,-0.48,-0.51,-0.49,-0.55,-0.38,-0.17,-0.32
75,1905,South Hemisphere,-0.26,-0.34,-0.19,-0.19,-0.28,-0.27,-0.29,-0.16,-0.16,-0.2,-0.19,-0.06
76,1905,North Hemisphere,-0.41,-0.82,-0.23,-0.45,-0.29,-0.28,-0.21,-0.24,-0.19,-0.27,0.08,-0.17
77,1905,Global,-0.34,-0.58,-0.21,-0.33,-0.29,-0.28,-0.26,-0.2,-0.19,-0.24,-0.06,-0.12
78,1906,South Hemisphere,0.03,-0.03,-0.15,-0.13,-0.26,-0.26,-0.17,-0.21,-0.31,-0.22,-0.34,-0.32
79,1906,North Hemisphere,-0.56,-0.54,-0.21,0.04,-0.25,-0.11,-0.27,-0.17,-0.25,-0.18,-0.4,0.02
80,1906,Global,-0.27,-0.29,-0.18,-0.04,-0.25,-0.19,-0.22,-0.19,-0.28,-0.19,-0.37,-0.14
81,1907,South Hemisphere,-0.26,-0.28,-0.23,-0.27,-0.32,-0.31,-0.28,-0.28,-0.27,-0.24,-0.34,-0.34
82,1907,Global,-0.43,-0.51,-0.27,-0.36,-0.46,-0.42,-0.34,-0.34,-0.34,-0.22,-0.46,-0.46
83,1907,North Hemisphere,-0.59,-0.73,-0.31,-0.45,-0.59,-0.51,-0.4,-0.39,-0.41,-0.2,-0.56,-0.58
84,1908,Global,-0.44,-0.32,-0.55,-0.44,-0.37,-0.38,-0.35,-0.45,-0.35,-0.43,-0.51,-0.48
85,1908,South Hemisphere,-0.33,-0.36,-0.38,-0.39,-0.45,-0.45,-0.33,-0.34,-0.4,-0.42,-0.39,-0.42
86,1908,North Hemisphere,-0.55,-0.28,-0.71,-0.48,-0.3,-0.31,-0.36,-0.57,-0.31,-0.45,-0.63,-0.56
87,1909,Global,-0.72,-0.46,-0.54,-0.58,-0.54,-0.52,-0.45,-0.33,-0.38,-0.4,-0.31,-0.56
88,1909,South Hemisphere,-0.49,-0.45,-0.4,-0.51,-0.58,-0.5,-0.44,-0.31,-0.39,-0.44,-0.51,-0.54
89,1909,North Hemisphere,-0.93,-0.46,-0.66,-0.66,-0.5,-0.52,-0.45,-0.36,-0.38,-0.36,-0.12,-0.58
90,1910,Global,-0.42,-0.41,-0.5,-0.42,-0.34,-0.38,-0.34,-0.36,-0.39,-0.41,-0.55,-0.67
91,1910,South Hemisphere,-0.48,-0.44,-0.52,-0.43,-0.37,-0.31,-0.29,-0.32,-0.33,-0.49,-0.52,-0.51
92,1910,North Hemisphere,-0.36,-0.38,-0.5,-0.42,-0.3,-0.45,-0.39,-0.41,-0.44,-0.32,-0.59,-0.82
93,1911,Global,-0.62,-0.57,-0.61,-0.53,-0.51,-0.5,-0.41,-0.44,-0.4,-0.26,-0.21,-0.21
94,1911,South Hemisphere,-0.52,-0.55,-0.56,-0.6,-0.57,-0.66,-0.45,-0.43,-0.42,-0.32,-0.2,-0.09
95,1911,North Hemisphere,-0.72,-0.6,-0.65,-0.46,-0.46,-0.35,-0.38,-0.44,-0.39,-0.2,-0.21,-0.31
96,1912,South Hemisphere,-0.13,-0.1,-0.13,-0.17,-0.27,-0.31,-0.3,-0.29,-0.33,-0.28,-0.24,-0.28
97,1912,North Hemisphere,-0.35,-0.17,-0.61,-0.17,-0.12,-0.14,-0.53,-0.78,-0.83,-0.85,-0.52,-0.57
98,1912,Global,-0.25,-0.14,-0.37,-0.17,-0.21,-0.23,-0.42,-0.54,-0.59,-0.57,-0.38,-0.43
99,1913,North Hemisphere,-0.56,-0.65,-0.48,-0.51,-0.55,-0.5,-0.52,-0.47,-0.43,-0.4,-0.15,0.1
100,1913,Global,-0.4,-0.45,-0.42,-0.39,-0.44,-0.45,-0.36,-0.33,-0.35,-0.32,-0.19,-0.02
101,1913,South Hemisphere,-0.23,-0.23,-0.37,-0.27,-0.31,-0.39,-0.19,-0.2,-0.25,-0.23,-0.22,-0.13
102,1914,North Hemisphere,0.17,-0.11,-0.36,-0.4,-0.19,-0.23,-0.35,-0.28,-0.31,-0.02,-0.23,-0.06
103,1914,Global,0.05,-0.09,-0.24,-0.29,-0.21,-0.25,-0.23,-0.16,-0.17,-0.03,-0.15,-0.03
104,1914,South Hemisphere,-0.06,-0.07,-0.1,-0.18,-0.21,-0.27,-0.11,-0.04,-0.02,-0.03,-0.05,0.0
105,1915,North Hemisphere,-0.27,-0.1,-0.24,0.06,-0.02,-0.13,-0.1,-0.16,-0.22,-0.27,-0.03,-0.27
106,1915,Global,-0.2,-0.03,-0.09,0.07,-0.06,-0.22,-0.12,-0.22,-0.2,-0.24,-0.12,-0.21
107,1915,South Hemisphere,-0.12,0.04,0.06,0.07,-0.08,-0.28,-0.12,-0.26,-0.18,-0.2,-0.21,-0.16
108,1916,North Hemisphere,-0.1,-0.17,-0.39,-0.35,-0.37,-0.51,-0.34,-0.38,-0.5,-0.36,-0.47,-1.14
109,1916,South Hemisphere,-0.14,-0.11,-0.16,-0.25,-0.32,-0.47,-0.4,-0.2,-0.23,-0.32,-0.46,-0.5
110,1916,Global,-0.12,-0.14,-0.28,-0.3,-0.34,-0.49,-0.37,-0.28,-0.36,-0.33,-0.46,-0.81
111,1917,South Hemisphere,-0.62,-0.58,-0.53,-0.45,-0.37,-0.38,-0.18,-0.06,-0.15,-0.26,-0.35,-0.28
112,1917,North Hemisphere,-0.55,-0.69,-0.76,-0.65,-0.74,-0.5,-0.33,-0.41,-0.32,-0.64,-0.33,-1.06
113,1917,Global,-0.57,-0.63,-0.63,-0.54,-0.55,-0.43,-0.25,-0.22,-0.22,-0.44,-0.33,-0.67
114,1918,South Hemisphere,-0.26,-0.23,-0.24,-0.29,-0.36,-0.28,-0.28,-0.26,-0.08,-0.05,0.03,0.0
115,1918,North Hemisphere,-0.7,-0.47,-0.26,-0.6,-0.5,-0.46,-0.35,-0.38,-0.27,-0.06,-0.23,-0.57
116,1918,Global,-0.47,-0.34,-0.24,-0.44,-0.43,-0.36,-0.31,-0.32,-0.17,-0.06,-0.11,-0.29
117,1919,South Hemisphere,0.0,-0.04,-0.02,-0.01,-0.13,-0.32,-0.25,-0.37,-0.31,-0.3,-0.33,-0.27
118,1919,North Hemisphere,-0.39,-0.42,-0.39,-0.24,-0.43,-0.4,-0.34,-0.31,-0.2,-0.1,-0.48,-0.56
119,1919,Global,-0.2,-0.24,-0.21,-0.12,-0.28,-0.36,-0.29,-0.33,-0.25,-0.2,-0.41,-0.42
120,1920,South Hemisphere,-0.32,-0.22,-0.24,-0.27,-0.32,-0.44,-0.33,-0.2,-0.08,-0.12,-0.07,-0.2
121,1920,North Hemisphere,-0.16,-0.3,-0.01,-0.21,-0.22,-0.27,-0.26,-0.32,-0.36,-0.41,-0.46,-0.72
122,1920,Global,-0.24,-0.26,-0.12,-0.24,-0.27,-0.36,-0.3,-0.26,-0.22,-0.26,-0.27,-0.46
123,1921,North Hemisphere,0.18,-0.1,-0.12,-0.18,-0.26,-0.16,-0.04,-0.3,-0.18,-0.02,-0.1,-0.14
124,1921,Global,-0.04,-0.18,-0.23,-0.3,-0.3,-0.27,-0.14,-0.26,-0.19,-0.04,-0.14,-0.18
125,1921,South Hemisphere,-0.27,-0.27,-0.35,-0.43,-0.35,-0.38,-0.25,-0.21,-0.19,-0.05,-0.16,-0.21
126,1922,Global,-0.33,-0.44,-0.15,-0.23,-0.34,-0.31,-0.27,-0.33,-0.36,-0.33,-0.15,-0.19
127,1922,South Hemisphere,-0.27,-0.25,-0.19,-0.3,-0.47,-0.45,-0.27,-0.29,-0.29,-0.33,-0.17,-0.24
128,1922,North Hemisphere,-0.38,-0.63,-0.12,-0.16,-0.2,-0.16,-0.29,-0.37,-0.44,-0.33,-0.14,-0.15
129,1923,Global,-0.28,-0.39,-0.34,-0.41,-0.34,-0.3,-0.31,-0.33,-0.31,-0.14,-0.03,-0.05
130,1923,South Hemisphere,-0.37,-0.32,-0.29,-0.28,-0.28,-0.34,-0.32,-0.38,-0.43,-0.32,-0.19,-0.16
131,1923,North Hemisphere,-0.19,-0.47,-0.39,-0.53,-0.4,-0.25,-0.29,-0.28,-0.18,0.05,0.15,0.08
132,1924,Global,-0.23,-0.24,-0.08,-0.32,-0.18,-0.26,-0.29,-0.36,-0.32,-0.35,-0.21,-0.43
133,1924,South Hemisphere,-0.15,-0.25,-0.18,-0.33,-0.3,-0.33,-0.34,-0.46,-0.41,-0.47,-0.52,-0.5
134,1924,North Hemisphere,-0.29,-0.22,0.02,-0.29,-0.06,-0.2,-0.22,-0.27,-0.23,-0.24,0.09,-0.37
135,1925,Global,-0.39,-0.4,-0.28,-0.26,-0.29,-0.33,-0.27,-0.2,-0.2,-0.17,0.05,0.06
136,1925,North Hemisphere,-0.29,-0.39,-0.24,-0.16,-0.22,-0.26,-0.26,-0.19,-0.05,-0.09,0.21,0.22
137,1925,South Hemisphere,-0.5,-0.43,-0.32,-0.35,-0.36,-0.39,-0.27,-0.2,-0.33,-0.24,-0.1,-0.08
138,1926,North Hemisphere,0.52,0.18,0.37,-0.12,-0.23,-0.2,-0.2,-0.06,-0.03,0.06,0.16,-0.3
139,1926,Global,0.2,0.02,0.11,-0.12,-0.24,-0.26,-0.28,-0.13,-0.14,-0.11,-0.07,-0.3
140,1926,South Hemisphere,-0.11,-0.12,-0.14,-0.11,-0.22,-0.29,-0.33,-0.19,-0.24,-0.27,-0.28,-0.28
141,1927,North Hemisphere,-0.29,-0.09,-0.47,-0.27,-0.13,-0.14,-0.08,-0.16,0.02,0.24,0.1,-0.37
142,1927,Global,-0.27,-0.18,-0.39,-0.3,-0.25,-0.27,-0.18,-0.24,-0.13,-0.01,-0.05,-0.33
143,1927,South Hemisphere,-0.25,-0.27,-0.29,-0.34,-0.37,-0.4,-0.29,-0.31,-0.27,-0.24,-0.19,-0.26
144,1928,North Hemisphere,0.27,0.09,-0.23,-0.31,-0.17,-0.32,-0.11,-0.19,-0.16,-0.08,0.05,-0.04
145,1928,Global,-0.02,-0.09,-0.25,-0.28,-0.3,-0.39,-0.19,-0.22,-0.22,-0.19,-0.09,-0.17
146,1928,South Hemisphere,-0.29,-0.27,-0.26,-0.23,-0.42,-0.44,-0.28,-0.26,-0.26,-0.29,-0.23,-0.29
147,1929,North Hemisphere,-0.56,-0.8,-0.19,-0.35,-0.28,-0.4,-0.36,-0.2,-0.2,-0.01,-0.02,-0.65
148,1929,Global,-0.45,-0.59,-0.32,-0.42,-0.38,-0.44,-0.37,-0.33,-0.26,-0.14,-0.11,-0.54
149,1929,South Hemisphere,-0.34,-0.37,-0.46,-0.47,-0.48,-0.47,-0.37,-0.44,-0.31,-0.26,-0.19,-0.41
150,1930,Global,-0.3,-0.27,-0.11,-0.25,-0.24,-0.22,-0.21,-0.15,-0.15,-0.12,0.18,-0.06
151,1930,South Hemisphere,-0.47,-0.34,-0.33,-0.33,-0.27,-0.32,-0.36,-0.29,-0.26,-0.23,-0.06,-0.17
152,1930,North Hemisphere,-0.12,-0.2,0.11,-0.16,-0.2,-0.12,-0.03,0.01,-0.02,0.02,0.44,0.08
153,1931,South Hemisphere,-0.18,-0.15,-0.12,-0.23,-0.22,-0.3,-0.14,-0.16,-0.29,-0.25,-0.36,-0.19
154,1931,North Hemisphere,0.0,-0.24,-0.06,-0.2,-0.14,0.15,0.07,0.09,0.16,0.35,0.25,0.1
155,1931,Global,-0.11,-0.21,-0.1,-0.23,-0.2,-0.09,-0.04,-0.04,-0.07,0.05,-0.06,-0.05
156,1932,South Hemisphere,-0.09,-0.15,-0.15,-0.21,-0.24,-0.42,-0.33,-0.35,-0.3,-0.31,-0.21,-0.3
157,1932,North Hemisphere,0.38,-0.19,-0.21,0.09,-0.1,-0.14,-0.15,-0.09,0.1,0.14,-0.33,-0.21
158,1932,Global,0.15,-0.17,-0.18,-0.06,-0.17,-0.29,-0.25,-0.22,-0.11,-0.09,-0.27,-0.26
159,1933,South Hemisphere,-0.27,-0.28,-0.27,-0.31,-0.32,-0.37,-0.29,-0.33,-0.31,-0.33,-0.37,-0.35
160,1933,North Hemisphere,-0.19,-0.31,-0.32,-0.17,-0.26,-0.32,-0.14,-0.15,-0.28,-0.18,-0.25,-0.55
161,1933,Global,-0.24,-0.3,-0.3,-0.24,-0.29,-0.35,-0.21,-0.24,-0.3,-0.25,-0.31,-0.45
162,1934,North Hemisphere,-0.15,0.32,-0.28,-0.3,0.08,-0.02,-0.04,-0.1,-0.14,0.12,0.26,0.18
163,1934,Global,-0.21,-0.03,-0.29,-0.31,-0.09,-0.15,-0.1,-0.12,-0.15,-0.07,0.03,-0.02
164,1934,South Hemisphere,-0.29,-0.39,-0.32,-0.32,-0.27,-0.27,-0.16,-0.14,-0.16,-0.25,-0.2,-0.22
165,1935,Global,-0.34,0.14,-0.14,-0.37,-0.29,-0.27,-0.22,-0.22,-0.21,-0.06,-0.26,-0.17
166,1935,South Hemisphere,-0.26,-0.29,-0.31,-0.38,-0.29,-0.38,-0.37,-0.36,-0.34,-0.21,-0.18,-0.16
167,1935,North Hemisphere,-0.4,0.56,0.03,-0.35,-0.29,-0.15,-0.05,-0.07,-0.06,0.11,-0.32,-0.17
168,1936,Global,-0.27,-0.38,-0.21,-0.2,-0.16,-0.22,-0.09,-0.13,-0.09,-0.03,0.01,-0.01
169,1936,South Hemisphere,-0.25,-0.24,-0.29,-0.33,-0.31,-0.47,-0.28,-0.28,-0.24,-0.12,-0.11,-0.17
170,1936,North Hemisphere,-0.29,-0.51,-0.13,-0.06,-0.01,0.04,0.08,0.02,0.06,0.07,0.14,0.14
171,1937,Global,-0.07,0.03,-0.2,-0.16,-0.05,-0.05,-0.03,0.01,0.09,0.09,0.09,-0.07
172,1937,South Hemisphere,-0.23,-0.18,-0.17,-0.25,-0.23,-0.24,-0.2,-0.12,-0.1,-0.16,-0.07,-0.14
173,1937,North Hemisphere,0.08,0.24,-0.23,-0.07,0.12,0.14,0.15,0.15,0.28,0.33,0.24,0.0
174,1938,Global,0.08,0.04,0.1,0.06,-0.09,-0.17,-0.09,-0.05,0.01,0.15,0.08,-0.13
175,1938,South Hemisphere,-0.19,-0.21,-0.16,-0.2,-0.22,-0.28,-0.18,-0.21,-0.16,-0.04,-0.17,-0.13
176,1938,North Hemisphere,0.35,0.28,0.34,0.31,0.03,-0.06,-0.02,0.08,0.15,0.32,0.31,-0.14
177,1939,South Hemisphere,-0.14,-0.13,-0.11,-0.12,-0.1,-0.14,-0.14,-0.18,-0.26,-0.15,-0.1,0.1
178,1939,North Hemisphere,0.03,-0.01,-0.24,-0.07,0.01,0.0,0.05,0.08,0.13,0.08,0.24,0.79
179,1939,Global,-0.05,-0.06,-0.17,-0.09,-0.04,-0.07,-0.05,-0.06,-0.07,-0.03,0.07,0.44
180,1940,North Hemisphere,-0.1,0.14,0.03,0.28,0.16,0.16,0.15,0.07,0.26,0.29,0.3,0.36
181,1940,Global,0.0,0.08,0.09,0.18,0.11,0.12,0.13,0.07,0.15,0.11,0.17,0.32
182,1940,South Hemisphere,0.12,0.04,0.16,0.09,0.07,0.07,0.1,0.09,0.07,-0.04,0.06,0.3
183,1941,North Hemisphere,0.18,0.47,0.12,0.13,0.24,0.21,0.25,0.19,0.1,0.5,0.18,0.19
184,1941,Global,0.18,0.31,0.1,0.16,0.17,0.13,0.22,0.15,0.02,0.35,0.23,0.22
185,1941,South Hemisphere,0.21,0.17,0.1,0.22,0.14,0.08,0.21,0.13,-0.02,0.23,0.3,0.26
186,1942,North Hemisphere,0.41,-0.08,0.0,0.09,0.16,0.11,-0.01,-0.08,0.11,0.28,0.26,0.27
187,1942,Global,0.3,0.03,0.05,0.1,0.11,0.05,0.01,-0.04,-0.03,0.02,0.1,0.13
188,1942,South Hemisphere,0.19,0.14,0.12,0.1,0.06,0.0,0.01,0.0,-0.16,-0.25,-0.08,-0.03
189,1943,North Hemisphere,-0.09,0.38,0.0,0.31,0.23,-0.07,-0.02,0.1,0.14,0.46,0.36,0.37
190,1943,South Hemisphere,0.07,-0.04,-0.07,-0.1,-0.1,-0.04,0.18,-0.08,-0.03,0.0,0.04,0.09
191,1943,Global,-0.01,0.18,-0.03,0.11,0.07,-0.05,0.09,0.01,0.05,0.23,0.2,0.24
192,1944,South Hemisphere,0.09,0.05,0.21,0.22,0.15,0.17,0.24,0.22,0.21,0.09,0.04,0.1
193,1944,North Hemisphere,0.62,0.44,0.31,0.18,0.23,0.17,0.14,0.16,0.36,0.44,0.19,0.0
194,1944,Global,0.36,0.25,0.26,0.2,0.19,0.16,0.18,0.18,0.28,0.26,0.11,0.04
195,1945,South Hemisphere,0.1,0.08,0.04,0.1,0.05,-0.05,0.03,0.25,0.22,0.14,0.08,0.09
196,1945,North Hemisphere,0.11,-0.06,0.1,0.29,0.08,0.08,0.07,0.28,0.2,0.24,0.08,-0.21
197,1945,Global,0.1,0.01,0.06,0.2,0.06,0.01,0.04,0.26,0.2,0.19,0.07,-0.07
198,1946,South Hemisphere,-0.03,-0.02,-0.08,-0.2,-0.16,-0.37,-0.21,-0.31,-0.12,-0.17,-0.17,-0.15
199,1946,North Hemisphere,0.34,0.09,0.12,0.32,0.03,-0.05,-0.04,-0.1,-0.03,0.02,0.07,-0.45
200,1946,Global,0.15,0.03,0.01,0.06,-0.07,-0.21,-0.12,-0.2,-0.08,-0.08,-0.05,-0.31
201,1947,North Hemisphere,-0.04,-0.04,0.28,0.22,0.06,0.0,-0.03,-0.04,-0.01,0.4,0.19,-0.05
202,1947,Global,-0.06,-0.08,0.06,0.06,-0.01,-0.02,-0.04,-0.07,-0.12,0.07,0.03,-0.13
203,1947,South Hemisphere,-0.07,-0.11,-0.16,-0.1,-0.09,-0.03,-0.05,-0.09,-0.24,-0.26,-0.15,-0.22
204,1948,Global,0.07,-0.14,-0.24,-0.12,0.0,-0.05,-0.11,-0.12,-0.14,-0.05,-0.12,-0.23
205,1948,South Hemisphere,-0.17,-0.14,-0.21,-0.2,-0.17,-0.15,-0.23,-0.26,-0.26,-0.18,-0.28,-0.08
206,1948,North Hemisphere,0.3,-0.14,-0.27,-0.02,0.17,0.05,0.01,0.02,-0.03,0.08,0.03,-0.39
207,1949,Global,0.07,-0.14,-0.02,-0.11,-0.1,-0.27,-0.13,-0.13,-0.15,-0.06,-0.1,-0.18
208,1949,South Hemisphere,-0.1,-0.19,-0.08,-0.19,-0.2,-0.34,-0.15,-0.21,-0.19,-0.2,-0.25,-0.22
209,1949,North Hemisphere,0.23,-0.09,0.04,-0.02,0.01,-0.2,-0.11,-0.04,-0.1,0.07,0.05,-0.14
210,1950,Global,-0.26,-0.27,-0.08,-0.21,-0.11,-0.05,-0.08,-0.16,-0.11,-0.2,-0.34,-0.21
211,1950,South Hemisphere,-0.23,-0.27,-0.22,-0.2,-0.19,-0.06,0.0,-0.13,-0.15,-0.35,-0.35,-0.32
212,1950,North Hemisphere,-0.29,-0.27,0.06,-0.21,-0.04,-0.06,-0.18,-0.19,-0.09,-0.06,-0.33,-0.13
213,1951,South Hemisphere,-0.33,-0.32,-0.22,-0.35,-0.18,-0.11,-0.09,-0.1,-0.21,-0.11,-0.08,-0.06
214,1951,North Hemisphere,-0.36,-0.51,-0.18,0.07,0.17,-0.02,0.09,0.22,0.34,0.29,0.08,0.38
215,1951,Global,-0.34,-0.41,-0.2,-0.14,0.0,-0.06,-0.01,0.06,0.05,0.08,-0.01,0.16
216,1952,North Hemisphere,0.17,0.17,-0.21,0.18,0.15,0.16,0.14,0.07,0.14,-0.01,-0.21,0.01
217,1952,Global,0.12,0.12,-0.08,0.03,-0.03,-0.03,0.05,0.05,0.07,0.0,-0.13,-0.01
218,1952,South Hemisphere,0.07,0.06,0.07,-0.1,-0.19,-0.22,-0.05,0.02,0.0,0.01,-0.05,-0.03
219,1953,North Hemisphere,0.24,0.37,0.26,0.41,0.25,0.25,0.22,0.18,0.17,0.27,0.09,0.23
220,1953,Global,0.08,0.15,0.11,0.19,0.12,0.12,0.01,0.05,0.05,0.08,-0.02,0.05
221,1953,South Hemisphere,-0.08,-0.07,-0.02,-0.01,-0.01,-0.01,-0.18,-0.07,-0.08,-0.1,-0.12,-0.11
222,1954,North Hemisphere,-0.24,0.0,-0.16,-0.01,-0.07,-0.04,-0.11,-0.01,0.09,0.13,0.34,-0.11
223,1954,Global,-0.24,-0.1,-0.14,-0.14,-0.2,-0.19,-0.19,-0.17,-0.1,-0.02,0.08,-0.18
224,1954,South Hemisphere,-0.23,-0.19,-0.12,-0.27,-0.33,-0.34,-0.28,-0.34,-0.29,-0.18,-0.2,-0.26
225,1955,North Hemisphere,0.42,-0.12,-0.43,-0.24,-0.13,-0.1,-0.05,0.07,-0.02,0.12,-0.34,-0.28
226,1955,Global,0.13,-0.16,-0.32,-0.22,-0.2,-0.14,-0.11,0.02,-0.11,-0.05,-0.25,-0.28
227,1955,South Hemisphere,-0.17,-0.19,-0.22,-0.22,-0.29,-0.19,-0.19,-0.05,-0.22,-0.24,-0.19,-0.29
228,1956,Global,-0.13,-0.24,-0.21,-0.28,-0.29,-0.16,-0.09,-0.26,-0.19,-0.23,-0.15,-0.06
229,1956,South Hemisphere,-0.23,-0.18,-0.2,-0.3,-0.29,-0.13,0.0,-0.24,-0.08,-0.19,-0.05,-0.03
230,1956,North Hemisphere,-0.04,-0.32,-0.23,-0.26,-0.3,-0.2,-0.2,-0.28,-0.32,-0.28,-0.26,-0.1
231,1957,South Hemisphere,-0.04,-0.01,0.0,0.09,0.24,0.2,-0.06,0.14,0.05,-0.03,0.04,0.07
232,1957,North Hemisphere,-0.13,-0.06,-0.1,-0.09,-0.05,0.12,0.11,0.16,0.12,0.06,0.12,0.24
233,1957,Global,-0.09,-0.03,-0.05,0.0,0.09,0.16,0.02,0.15,0.09,0.01,0.08,0.15
234,1958,South Hemisphere,0.1,0.16,0.02,0.01,0.0,-0.2,0.06,-0.22,-0.11,0.01,0.02,-0.15
235,1958,North Hemisphere,0.68,0.28,0.16,0.02,0.12,0.04,0.05,0.13,0.07,0.08,0.03,0.18
236,1958,Global,0.39,0.22,0.08,0.01,0.06,-0.08,0.05,-0.05,-0.02,0.04,0.02,0.01
237,1959,South Hemisphere,-0.08,-0.02,0.03,0.09,0.05,-0.07,0.02,-0.11,-0.24,-0.1,-0.18,-0.1
238,1959,North Hemisphere,0.24,0.16,0.33,0.22,0.04,0.14,0.05,0.1,0.13,-0.04,0.03,0.1
239,1959,Global,0.08,0.07,0.18,0.16,0.04,0.03,0.03,-0.01,-0.06,-0.07,-0.08,0.0
240,1960,South Hemisphere,-0.15,-0.15,-0.29,-0.17,-0.19,-0.26,-0.16,-0.07,0.02,0.06,-0.14,-0.02
241,1960,Global,0.0,0.13,-0.35,-0.15,-0.08,-0.04,-0.04,0.02,0.07,0.06,-0.11,0.19
242,1960,North Hemisphere,0.15,0.42,-0.4,-0.13,0.03,0.19,0.09,0.11,0.12,0.05,-0.08,0.39
243,1961,Global,0.07,0.19,0.09,0.13,0.12,0.11,0.01,0.01,0.09,0.0,0.03,-0.16
244,1961,South Hemisphere,-0.03,0.08,-0.04,0.12,0.17,0.05,-0.04,-0.04,0.19,0.03,-0.01,-0.16
245,1961,North Hemisphere,0.17,0.29,0.22,0.14,0.07,0.18,0.06,0.05,-0.02,-0.03,0.08,-0.17
246,1962,Global,0.05,0.15,0.1,0.05,-0.06,0.03,0.02,-0.01,0.0,0.01,0.06,-0.02
247,1962,South Hemisphere,-0.18,-0.07,-0.1,-0.13,-0.15,0.19,-0.06,-0.06,0.03,-0.1,0.0,-0.15
248,1962,North Hemisphere,0.28,0.36,0.3,0.22,0.02,-0.13,0.1,0.04,-0.02,0.13,0.12,0.1
249,1963,Global,-0.03,0.18,-0.14,-0.07,-0.06,0.05,0.06,0.22,0.18,0.15,0.15,-0.03
250,1963,South Hemisphere,-0.14,-0.14,-0.16,-0.18,-0.07,0.13,0.02,0.3,0.22,-0.12,-0.12,-0.08
251,1963,North Hemisphere,0.08,0.5,-0.11,0.04,-0.04,-0.04,0.1,0.14,0.13,0.42,0.43,0.03
252,1964,Global,-0.09,-0.1,-0.21,-0.32,-0.25,-0.04,-0.04,-0.22,-0.29,-0.32,-0.21,-0.3
253,1964,South Hemisphere,-0.13,-0.17,-0.1,-0.32,-0.39,0.01,0.04,-0.2,-0.31,-0.32,-0.21,-0.33
254,1964,North Hemisphere,-0.04,-0.02,-0.32,-0.3,-0.1,-0.09,-0.13,-0.23,-0.28,-0.31,-0.22,-0.27
255,1965,South Hemisphere,-0.14,0.02,-0.16,-0.12,-0.1,0.04,-0.08,0.12,-0.1,-0.08,-0.15,-0.07
256,1965,North Hemisphere,-0.02,-0.37,-0.09,-0.26,-0.13,-0.2,-0.18,-0.2,-0.2,-0.02,0.05,-0.08
257,1965,Global,-0.08,-0.17,-0.13,-0.19,-0.12,-0.08,-0.13,-0.04,-0.15,-0.05,-0.06,-0.08
258,1966,North Hemisphere,-0.25,0.03,0.0,-0.22,-0.05,0.06,0.11,0.14,0.06,-0.1,0.02,-0.03
259,1966,Global,-0.19,-0.04,0.03,-0.13,-0.12,0.01,0.08,-0.09,-0.03,-0.17,-0.01,-0.03
260,1966,South Hemisphere,-0.13,-0.12,0.07,-0.04,-0.19,-0.04,0.06,-0.3,-0.12,-0.23,-0.03,-0.02
261,1967,North Hemisphere,-0.17,-0.37,0.23,0.05,0.21,-0.06,0.04,0.06,-0.03,0.29,0.04,0.02
262,1967,Global,-0.07,-0.21,0.05,-0.05,0.12,-0.08,0.02,0.01,-0.06,0.09,-0.05,-0.05
263,1967,South Hemisphere,0.03,-0.04,-0.14,-0.15,0.04,-0.1,-0.01,-0.06,-0.1,-0.13,-0.14,-0.13
264,1968,North Hemisphere,-0.29,-0.16,0.44,-0.01,-0.06,-0.05,-0.08,-0.08,-0.05,-0.01,-0.22,-0.33
265,1968,Global,-0.25,-0.14,0.2,-0.06,-0.14,-0.09,-0.13,-0.09,-0.19,0.09,-0.05,-0.15
266,1968,South Hemisphere,-0.22,-0.13,-0.05,-0.12,-0.23,-0.14,-0.17,-0.09,-0.32,0.18,0.12,0.05
267,1969,Global,-0.11,-0.18,0.0,0.17,0.18,0.03,-0.04,0.03,0.08,0.09,0.12,0.24
268,1969,South Hemisphere,0.22,0.11,0.22,0.31,0.26,0.11,-0.13,0.03,0.13,0.17,0.1,0.18
269,1969,North Hemisphere,-0.43,-0.46,-0.2,0.03,0.11,-0.04,0.06,0.04,0.04,0.02,0.14,0.3
270,1970,South Hemisphere,0.2,0.17,0.19,0.13,-0.06,-0.06,0.07,-0.15,0.27,0.24,0.02,0.05
271,1970,North Hemisphere,-0.03,0.27,-0.07,-0.02,-0.01,0.01,-0.05,-0.05,-0.05,-0.2,0.01,-0.31
272,1970,Global,0.08,0.22,0.06,0.05,-0.04,-0.03,0.01,-0.1,0.12,0.03,0.02,-0.12
273,1971,South Hemisphere,0.09,-0.11,-0.08,0.06,0.01,-0.2,-0.03,0.13,0.02,0.06,-0.13,-0.04
274,1971,North Hemisphere,-0.15,-0.21,-0.28,-0.2,-0.12,-0.14,-0.13,-0.16,-0.14,-0.16,-0.02,-0.14
275,1971,Global,-0.03,-0.16,-0.18,-0.07,-0.05,-0.17,-0.08,-0.01,-0.06,-0.04,-0.07,-0.09
276,1972,South Hemisphere,0.1,0.17,0.04,0.12,0.09,0.18,0.08,0.4,0.3,0.21,0.25,0.41
277,1972,North Hemisphere,-0.54,-0.52,0.01,-0.11,-0.15,-0.1,-0.05,-0.09,-0.27,-0.04,-0.2,-0.04
278,1972,Global,-0.22,-0.18,0.02,0.0,-0.03,0.04,0.01,0.16,0.02,0.08,0.02,0.18
279,1973,South Hemisphere,0.43,0.21,0.26,0.36,0.36,0.21,0.21,0.08,0.25,0.27,0.17,-0.1
280,1973,North Hemisphere,0.15,0.44,0.31,0.19,0.09,0.16,0.04,0.03,-0.09,-0.07,-0.09,-0.04
281,1973,Global,0.29,0.32,0.29,0.27,0.22,0.19,0.12,0.05,0.09,0.1,0.05,-0.07
282,1974,North Hemisphere,-0.26,-0.35,0.02,-0.1,-0.2,-0.18,-0.12,-0.11,-0.16,-0.23,-0.21,-0.27
283,1974,Global,-0.1,-0.27,-0.05,-0.12,-0.04,-0.05,-0.03,0.1,-0.08,-0.06,-0.08,-0.08
284,1974,South Hemisphere,0.05,-0.18,-0.14,-0.14,0.11,0.08,0.06,0.31,0.0,0.11,0.05,0.09
285,1975,Global,0.1,0.08,0.13,0.04,0.16,-0.01,0.0,-0.17,-0.03,-0.11,-0.17,-0.17
286,1975,South Hemisphere,0.03,0.06,0.14,0.02,0.32,0.05,0.05,-0.2,0.02,-0.06,-0.05,-0.13
287,1975,North Hemisphere,0.16,0.09,0.11,0.05,-0.02,-0.08,-0.06,-0.14,-0.08,-0.18,-0.31,-0.22
288,1976,Global,-0.03,-0.06,-0.21,-0.07,-0.21,-0.12,-0.1,-0.12,-0.07,-0.24,-0.06,0.11
289,1976,South Hemisphere,-0.12,-0.01,-0.12,-0.17,-0.15,-0.05,0.07,-0.03,-0.01,0.04,0.2,0.47
290,1976,North Hemisphere,0.05,-0.12,-0.31,0.02,-0.26,-0.2,-0.27,-0.21,-0.12,-0.51,-0.32,-0.25
291,1977,Global,0.18,0.22,0.24,0.26,0.33,0.27,0.2,0.18,0.02,0.03,0.16,0.03
292,1977,South Hemisphere,0.52,0.34,0.22,0.27,0.42,0.31,0.32,0.33,-0.07,0.09,0.06,0.04
293,1977,North Hemisphere,-0.16,0.11,0.26,0.25,0.22,0.22,0.08,0.02,0.13,-0.02,0.27,0.02
294,1978,Global,0.06,0.1,0.19,0.17,0.09,-0.01,0.04,-0.13,0.06,0.03,0.14,0.08
295,1978,North Hemisphere,0.16,0.04,0.21,0.07,-0.06,-0.14,-0.08,-0.14,-0.01,-0.01,0.16,0.02
296,1978,South Hemisphere,-0.03,0.16,0.17,0.26,0.24,0.11,0.16,-0.12,0.12,0.06,0.11,0.14
297,1979,North Hemisphere,-0.05,-0.35,0.18,-0.17,0.01,0.08,0.05,0.04,0.19,0.23,0.24,0.54
298,1979,Global,0.08,-0.1,0.19,0.15,0.04,0.14,0.04,0.17,0.25,0.26,0.28,0.48
299,1979,South Hemisphere,0.22,0.16,0.2,0.47,0.07,0.21,0.03,0.3,0.31,0.29,0.33,0.41
300,1980,North Hemisphere,0.21,0.41,0.07,0.15,0.26,0.19,0.13,0.09,0.1,0.11,0.2,0.09
301,1980,Global,0.3,0.39,0.3,0.3,0.35,0.2,0.22,0.18,0.2,0.13,0.29,0.21
302,1980,South Hemisphere,0.38,0.38,0.52,0.46,0.44,0.23,0.31,0.28,0.31,0.15,0.38,0.34
303,1981,North Hemisphere,0.79,0.62,0.67,0.39,0.18,0.28,0.09,0.16,0.14,0.23,0.35,0.54
304,1981,Global,0.53,0.42,0.48,0.32,0.25,0.29,0.32,0.35,0.15,0.12,0.23,0.41
305,1981,South Hemisphere,0.25,0.22,0.28,0.26,0.31,0.3,0.54,0.53,0.16,0.02,0.11,0.28
306,1982,North Hemisphere,-0.14,0.17,0.06,0.17,0.09,0.01,0.04,-0.07,0.06,-0.01,-0.11,0.38
307,1982,Global,0.05,0.16,0.03,0.15,0.18,0.06,0.14,0.04,0.14,0.13,0.18,0.42
308,1982,South Hemisphere,0.24,0.14,0.01,0.13,0.27,0.11,0.25,0.15,0.23,0.27,0.47,0.48
309,1983,Global,0.53,0.43,0.42,0.28,0.34,0.22,0.18,0.35,0.37,0.17,0.3,0.16
310,1983,South Hemisphere,0.51,0.51,0.41,0.49,0.63,0.35,0.17,0.46,0.49,0.22,0.12,0.22
311,1983,North Hemisphere,0.55,0.35,0.42,0.06,0.05,0.11,0.2,0.25,0.26,0.12,0.49,0.11
312,1984,South Hemisphere,0.28,0.26,0.34,0.19,0.42,-0.03,0.3,0.33,0.45,0.19,0.24,0.33
313,1984,North Hemisphere,0.33,0.02,0.18,-0.07,0.23,0.09,0.08,0.05,-0.04,0.08,-0.11,-0.42
314,1984,Global,0.31,0.14,0.26,0.06,0.32,0.02,0.19,0.19,0.21,0.13,0.07,-0.04
315,1985,South Hemisphere,0.37,0.22,0.35,0.27,0.2,0.29,0.15,0.34,0.23,0.21,0.08,0.12
316,1985,North Hemisphere,0.07,-0.3,0.0,-0.04,0.09,0.0,-0.08,-0.02,0.02,0.02,0.02,0.16
317,1985,Global,0.22,-0.04,0.17,0.12,0.14,0.15,0.04,0.17,0.13,0.11,0.05,0.14
318,1986,South Hemisphere,0.16,0.42,0.34,0.3,0.23,0.11,0.25,0.27,0.09,0.22,0.17,0.2
319,1986,North Hemisphere,0.36,0.31,0.26,0.15,0.19,0.13,-0.02,0.04,-0.02,0.09,0.03,0.06
320,1986,Global,0.26,0.37,0.3,0.22,0.21,0.12,0.11,0.16,0.03,0.15,0.1,0.13
321,1987,South Hemisphere,0.39,0.36,0.37,0.43,0.29,0.53,0.56,0.24,0.33,0.44,0.49,0.43
322,1987,Global,0.32,0.43,0.18,0.24,0.25,0.34,0.4,0.25,0.35,0.32,0.29,0.46
323,1987,North Hemisphere,0.25,0.5,0.0,0.07,0.23,0.16,0.25,0.27,0.39,0.22,0.1,0.5
324,1988,Global,0.56,0.44,0.51,0.42,0.44,0.4,0.33,0.39,0.37,0.37,0.12,0.28
325,1988,South Hemisphere,0.54,0.43,0.56,0.41,0.45,0.4,0.24,0.52,0.47,0.51,0.18,0.14
326,1988,North Hemisphere,0.59,0.46,0.47,0.44,0.43,0.4,0.42,0.26,0.26,0.23,0.05,0.42
327,1989,Global,0.12,0.3,0.36,0.29,0.17,0.16,0.34,0.33,0.34,0.29,0.2,0.37
328,1989,South Hemisphere,0.16,0.19,0.26,0.25,0.12,0.1,0.36,0.4,0.45,0.33,0.28,0.4
329,1989,North Hemisphere,0.08,0.39,0.45,0.32,0.22,0.24,0.31,0.25,0.22,0.25,0.11,0.33
330,1990,Global,0.41,0.44,0.8,0.56,0.45,0.37,0.46,0.34,0.23,0.44,0.46,0.4
331,1990,South Hemisphere,0.35,0.33,0.42,0.42,0.41,0.28,0.58,0.28,0.05,0.41,0.47,0.43
332,1990,North Hemisphere,0.47,0.54,1.16,0.71,0.5,0.47,0.32,0.4,0.41,0.47,0.45,0.38
333,1991,Global,0.42,0.49,0.35,0.51,0.34,0.53,0.47,0.39,0.44,0.29,0.29,0.32
334,1991,South Hemisphere,0.26,0.42,0.25,0.46,0.36,0.59,0.52,0.43,0.52,0.29,0.27,0.43
335,1991,North Hemisphere,0.59,0.56,0.45,0.55,0.33,0.47,0.42,0.35,0.35,0.29,0.32,0.2
336,1992,South Hemisphere,0.34,0.3,0.41,0.39,0.44,0.47,0.27,0.24,0.17,0.3,0.14,0.21
337,1992,North Hemisphere,0.6,0.49,0.54,0.15,0.18,0.04,-0.11,-0.08,-0.19,-0.18,-0.09,0.21
338,1992,Global,0.47,0.4,0.48,0.27,0.31,0.25,0.08,0.08,-0.01,0.06,0.02,0.21
339,1993,North Hemisphere,0.38,0.52,0.38,0.23,0.31,0.21,0.12,0.02,-0.07,0.12,-0.21,0.22
340,1993,Global,0.34,0.37,0.36,0.27,0.28,0.23,0.25,0.11,0.11,0.23,0.03,0.18
341,1993,South Hemisphere,0.3,0.21,0.33,0.32,0.26,0.25,0.38,0.2,0.3,0.34,0.29,0.15
342,1994,North Hemisphere,0.33,-0.05,0.49,0.48,0.38,0.41,0.33,0.32,0.32,0.54,0.5,0.36
343,1994,Global,0.26,0.02,0.29,0.41,0.28,0.43,0.3,0.21,0.32,0.42,0.44,0.38
344,1994,South Hemisphere,0.19,0.1,0.09,0.34,0.17,0.45,0.27,0.11,0.31,0.3,0.39,0.4
345,1995,North Hemisphere,0.74,1.19,0.58,0.71,0.41,0.5,0.37,0.53,0.43,0.59,0.57,0.26
346,1995,Global,0.52,0.79,0.46,0.47,0.27,0.43,0.45,0.45,0.33,0.47,0.44,0.25
347,1995,South Hemisphere,0.3,0.38,0.34,0.22,0.13,0.37,0.53,0.37,0.25,0.35,0.32,0.24
348,1996,North Hemisphere,0.26,0.54,0.31,0.17,0.34,0.25,0.29,0.18,0.03,0.04,0.35,0.34
349,1996,South Hemisphere,0.22,0.37,0.33,0.47,0.21,0.26,0.43,0.77,0.45,0.34,0.41,0.39
350,1996,Global,0.24,0.46,0.32,0.32,0.28,0.25,0.36,0.48,0.24,0.19,0.38,0.37
351,1997,South Hemisphere,0.25,0.21,0.28,0.18,0.26,0.6,0.27,0.35,0.54,0.59,0.7,0.68
352,1997,North Hemisphere,0.33,0.59,0.74,0.48,0.42,0.49,0.41,0.48,0.51,0.63,0.59,0.5
353,1997,Global,0.3,0.41,0.51,0.34,0.34,0.54,0.33,0.41,0.52,0.61,0.64,0.59
354,1998,South Hemisphere,0.56,0.72,0.54,0.4,0.7,0.81,0.58,0.59,0.24,0.3,0.37,0.35
355,1998,North Hemisphere,0.61,1.03,0.71,0.87,0.66,0.72,0.74,0.72,0.61,0.53,0.48,0.73
356,1998,Global,0.58,0.88,0.63,0.63,0.68,0.77,0.66,0.65,0.42,0.41,0.43,0.55
357,1999,South Hemisphere,0.38,0.27,0.35,0.09,0.17,0.37,0.41,0.32,0.36,0.28,0.2,0.16
358,1999,North Hemisphere,0.59,1.0,0.29,0.53,0.36,0.34,0.35,0.3,0.4,0.39,0.53,0.66
359,1999,Global,0.49,0.64,0.32,0.31,0.26,0.36,0.38,0.31,0.38,0.34,0.37,0.41
360,2000,South Hemisphere,0.12,0.21,0.26,0.23,0.17,0.35,0.36,0.36,0.4,0.24,0.41,0.29
361,2000,North Hemisphere,0.38,0.89,0.83,0.88,0.54,0.44,0.41,0.47,0.36,0.28,0.19,0.27
362,2000,Global,0.25,0.55,0.55,0.56,0.35,0.39,0.39,0.42,0.38,0.26,0.3,0.28
363,2001,North Hemisphere,0.56,0.45,0.76,0.59,0.68,0.51,0.63,0.68,0.56,0.59,0.97,0.65
364,2001,Global,0.46,0.44,0.55,0.5,0.57,0.51,0.59,0.49,0.52,0.5,0.72,0.55
365,2001,South Hemisphere,0.34,0.42,0.34,0.41,0.46,0.52,0.55,0.31,0.47,0.4,0.46,0.46
366,2002,Global,0.77,0.78,0.88,0.58,0.64,0.52,0.6,0.53,0.62,0.53,0.58,0.43
367,2002,South Hemisphere,0.52,0.42,0.64,0.66,0.76,0.38,0.56,0.51,0.63,0.55,0.4,0.46
368,2002,North Hemisphere,1.02,1.14,1.11,0.5,0.52,0.67,0.66,0.55,0.62,0.53,0.78,0.42
369,2003,Global,0.75,0.58,0.59,0.55,0.6,0.47,0.57,0.64,0.62,0.72,0.53,0.74
370,2003,South Hemisphere,0.57,0.6,0.52,0.5,0.5,0.42,0.48,0.44,0.47,0.47,0.41,0.52
371,2003,North Hemisphere,0.92,0.56,0.66,0.6,0.71,0.54,0.67,0.86,0.78,0.98,0.66,0.97
372,2004,Global,0.58,0.72,0.63,0.61,0.37,0.43,0.26,0.45,0.5,0.6,0.72,0.5
373,2004,South Hemisphere,0.5,0.52,0.39,0.52,0.23,0.4,0.04,0.37,0.41,0.51,0.47,0.57
374,2004,North Hemisphere,0.66,0.91,0.86,0.69,0.51,0.46,0.49,0.54,0.59,0.69,0.98,0.44
375,2005,South Hemisphere,0.55,0.48,0.53,0.43,0.48,0.5,0.48,0.52,0.52,0.55,0.41,0.52
376,2005,North Hemisphere,0.93,0.71,0.94,0.92,0.77,0.78,0.74,0.69,0.89,0.94,1.05,0.83
377,2005,Global,0.74,0.6,0.74,0.68,0.62,0.64,0.61,0.6,0.7,0.74,0.73,0.68
378,2006,North Hemisphere,0.64,0.95,0.77,0.59,0.75,0.8,0.69,0.68,0.81,0.95,0.94,1.15
379,2006,Global,0.55,0.72,0.62,0.48,0.48,0.65,0.53,0.7,0.64,0.69,0.73,0.79
380,2006,South Hemisphere,0.46,0.5,0.47,0.36,0.22,0.5,0.39,0.71,0.47,0.44,0.53,0.43
381,2007,North Hemisphere,1.44,0.89,0.95,1.06,0.72,0.65,0.65,0.72,0.67,0.83,0.81,0.76
382,2007,Global,1.02,0.69,0.72,0.76,0.69,0.61,0.59,0.59,0.59,0.58,0.58,0.49
383,2007,South Hemisphere,0.58,0.49,0.49,0.45,0.66,0.57,0.53,0.46,0.52,0.33,0.34,0.21
384,2008,North Hemisphere,0.33,0.58,1.13,0.64,0.59,0.6,0.59,0.59,0.57,0.85,0.96,0.65
385,2008,Global,0.3,0.37,0.74,0.53,0.49,0.49,0.59,0.46,0.6,0.66,0.68,0.53
386,2008,South Hemisphere,0.26,0.16,0.33,0.42,0.38,0.37,0.59,0.35,0.64,0.48,0.41,0.42
387,2009,North Hemisphere,0.81,0.69,0.59,0.69,0.65,0.67,0.67,0.71,0.84,0.78,0.84,0.66
388,2009,Global,0.64,0.52,0.53,0.6,0.64,0.64,0.73,0.67,0.72,0.64,0.79,0.67
389,2009,South Hemisphere,0.46,0.35,0.47,0.51,0.64,0.62,0.79,0.64,0.6,0.51,0.74,0.69
390,2010,Global,0.74,0.83,0.92,0.84,0.75,0.67,0.62,0.66,0.63,0.7,0.81,0.44
391,2010,South Hemisphere,0.69,0.73,0.74,0.56,0.57,0.5,0.37,0.47,0.55,0.51,0.41,0.39
392,2010,North Hemisphere,0.8,0.93,1.09,1.12,0.93,0.84,0.88,0.86,0.7,0.89,1.2,0.49
393,2011,South Hemisphere,0.41,0.39,0.41,0.44,0.4,0.48,0.66,0.77,0.39,0.4,0.49,0.31
394,2011,North Hemisphere,0.6,0.55,0.87,0.84,0.65,0.75,0.72,0.7,0.73,0.9,0.65,0.88
395,2011,Global,0.51,0.47,0.65,0.64,0.53,0.62,0.69,0.74,0.56,0.65,0.58,0.6
396,2012,South Hemisphere,0.29,0.39,0.43,0.37,0.59,0.35,0.32,0.54,0.58,0.67,0.59,0.61
397,2012,North Hemisphere,0.67,0.58,0.71,1.06,0.96,0.93,0.84,0.75,0.86,0.9,0.97,0.45
398,2012,Global,0.48,0.49,0.57,0.72,0.78,0.64,0.58,0.64,0.71,0.79,0.78,0.53
399,2013,South Hemisphere,0.56,0.45,0.53,0.4,0.44,0.6,0.5,0.64,0.83,0.55,0.54,0.55
400,2013,North Hemisphere,0.84,0.78,0.8,0.67,0.77,0.76,0.69,0.73,0.69,0.82,1.12,0.83
401,2013,Global,0.7,0.62,0.67,0.53,0.6,0.68,0.6,0.69,0.77,0.69,0.83,0.69
402,2014,South Hemisphere,0.53,0.37,0.35,0.51,0.81,0.53,0.4,0.74,0.91,0.68,0.53,0.47
403,2014,Global,0.75,0.54,0.78,0.79,0.85,0.67,0.58,0.82,0.87,0.8,0.66,0.78
404,2014,North Hemisphere,0.96,0.71,1.19,1.08,0.89,0.81,0.76,0.9,0.83,0.92,0.8,1.1
405,2015,Global,0.85,0.9,0.95,0.75,0.8,0.81,0.73,0.8,0.84,1.09,1.06,1.16
406,2015,South Hemisphere,0.51,0.61,0.58,0.48,0.56,0.58,0.56,0.6,0.54,0.91,0.75,0.8
407,2015,North Hemisphere,1.17,1.19,1.32,1.02,1.04,1.05,0.91,1.01,1.17,1.29,1.38,1.53
408,2016,Global,1.17,1.37,1.36,1.1,0.95,0.8,0.84,1.02,0.9,0.88,0.91,0.86
409,2016,South Hemisphere,0.79,0.78,0.81,0.73,0.79,0.49,0.67,0.92,0.59,0.74,0.71,0.69
410,2016,North Hemisphere,1.54,1.94,1.9,1.47,1.11,1.12,1.03,1.12,1.22,1.03,1.11,1.04
411,2017,Global,1.01,1.13,1.16,0.94,0.9,0.71,0.81,0.87,0.77,0.9,0.88,0.93
412,2017,South Hemisphere,0.65,0.74,0.8,0.68,0.89,0.51,0.67,0.73,0.54,0.75,0.53,0.47
413,2017,North Hemisphere,1.38,1.51,1.51,1.19,0.92,0.92,0.96,1.01,1.0,1.04,1.22,1.39
414,2018,South Hemisphere,0.47,0.44,0.59,0.8,0.63,0.68,0.75,0.66,0.64,0.79,0.68,0.73
415,2018,North Hemisphere,1.13,1.24,1.16,0.96,1.0,0.86,0.89,0.86,0.96,1.23,0.96,1.09
416,2018,Global,0.81,0.84,0.88,0.88,0.82,0.77,0.82,0.76,0.8,1.01,0.82,0.91
417,2019,Global,0.92,0.95,1.17,1.01,0.84,0.9,0.94,0.94,0.92,1.01,0.99,1.08
418,2019,South Hemisphere,0.65,0.76,0.78,0.77,0.71,0.63,0.85,0.8,0.63,0.72,0.78,0.78
419,2019,North Hemisphere,1.19,1.12,1.54,1.24,0.98,1.19,1.03,1.08,1.2,1.3,1.2,1.39
420,2020,North Hemisphere,1.58,1.7,1.65,1.4,1.27,1.13,1.1,1.12,1.19,1.21,1.6,1.23
421,2020,Global,1.16,1.24,1.16,1.13,1.01,0.91,0.9,0.87,0.98,0.88,1.1,0.81
422,2020,South Hemisphere,0.74,0.77,0.67,0.85,0.75,0.71,0.7,0.62,0.77,0.56,0.6,0.39
423,2021,South Hemisphere,0.35,0.32,0.56,0.37,0.53,0.48,0.78,0.61,0.79,0.68,0.55,0.56
424,2021,North Hemisphere,1.26,0.96,1.19,1.11,1.03,1.2,1.06,1.01,1.04,1.3,1.29,1.14
425,2021,Global,0.81,0.64,0.88,0.74,0.78,0.84,0.92,0.81,0.91,0.99,0.92,0.85
426,2022,North Hemisphere,1.25,1.17,1.42,1.08,,,,,,,,
427,2022,Global,0.91,0.89,1.04,0.82,,,,,,,,
428,2022,South Hemisphere,0.56,0.6,0.66,0.55,,,,,,,,
