,Time,Zone,Anomaly,month,year,Temperature,Year
0,1880-01-01,Global,-0.18,Janvier,1880,13.82,1880
1,1880-02-01,Global,-0.25,Février,1880,13.75,1880
2,1880-03-01,Global,-0.09,Mars,1880,13.91,1880
3,1880-04-01,Global,-0.16,Avril,1880,13.84,1880
4,1880-05-01,Global,-0.1,Mai,1880,13.9,1880
5,1880-06-01,Global,-0.21,Juin,1880,13.79,1880
6,1880-07-01,Global,-0.18,Juillet,1880,13.82,1880
7,1880-08-01,Global,-0.1,Août,1880,13.9,1880
8,1880-09-01,Global,-0.14,Septembre,1880,13.86,1880
9,1880-10-01,Global,-0.24,Octobre,1880,13.76,1880
10,1880-11-01,Global,-0.22,Novembre,1880,13.78,1880
11,1880-12-01,Global,-0.17,Décembre,1880,13.83,1880
39,1881-01-01,Global,-0.19,Janvier,1881,13.81,1881
40,1881-02-01,Global,-0.14,Février,1881,13.86,1881
41,1881-03-01,Global,0.03,Mars,1881,14.03,1881
42,1881-04-01,Global,0.05,Avril,1881,14.05,1881
43,1881-05-01,Global,0.06,Mai,1881,14.06,1881
44,1881-06-01,Global,-0.19,Juin,1881,13.81,1881
45,1881-07-01,Global,0.01,Juillet,1881,14.01,1881
46,1881-08-01,Global,-0.03,Août,1881,13.97,1881
47,1881-09-01,Global,-0.15,Septembre,1881,13.85,1881
48,1881-10-01,Global,-0.22,Octobre,1881,13.78,1881
49,1881-11-01,Global,-0.18,Novembre,1881,13.82,1881
50,1881-12-01,Global,-0.07,Décembre,1881,13.93,1881
78,1882-01-01,Global,0.16,Janvier,1882,14.16,1882
79,1882-02-01,Global,0.14,Février,1882,14.14,1882
80,1882-03-01,Global,0.05,Mars,1882,14.05,1882
81,1882-04-01,Global,-0.16,Avril,1882,13.84,1882
82,1882-05-01,Global,-0.14,Mai,1882,13.86,1882
83,1882-06-01,Global,-0.22,Juin,1882,13.78,1882
84,1882-07-01,Global,-0.16,Juillet,1882,13.84,1882
85,1882-08-01,Global,-0.08,Août,1882,13.92,1882
86,1882-09-01,Global,-0.15,Septembre,1882,13.85,1882
87,1882-10-01,Global,-0.23,Octobre,1882,13.77,1882
88,1882-11-01,Global,-0.17,Novembre,1882,13.83,1882
89,1882-12-01,Global,-0.36,Décembre,1882,13.64,1882
117,1883-01-01,Global,-0.29,Janvier,1883,13.71,1883
118,1883-02-01,Global,-0.37,Février,1883,13.63,1883
119,1883-03-01,Global,-0.12,Mars,1883,13.88,1883
120,1883-04-01,Global,-0.19,Avril,1883,13.81,1883
121,1883-05-01,Global,-0.18,Mai,1883,13.82,1883
122,1883-06-01,Global,-0.07,Juin,1883,13.93,1883
123,1883-07-01,Global,-0.07,Juillet,1883,13.93,1883
124,1883-08-01,Global,-0.14,Août,1883,13.86,1883
125,1883-09-01,Global,-0.22,Septembre,1883,13.78,1883
126,1883-10-01,Global,-0.11,Octobre,1883,13.89,1883
127,1883-11-01,Global,-0.24,Novembre,1883,13.76,1883
128,1883-12-01,Global,-0.11,Décembre,1883,13.89,1883
156,1884-01-01,Global,-0.13,Janvier,1884,13.87,1884
157,1884-02-01,Global,-0.08,Février,1884,13.92,1884
158,1884-03-01,Global,-0.36,Mars,1884,13.64,1884
159,1884-04-01,Global,-0.4,Avril,1884,13.6,1884
160,1884-05-01,Global,-0.34,Mai,1884,13.66,1884
161,1884-06-01,Global,-0.35,Juin,1884,13.65,1884
162,1884-07-01,Global,-0.33,Juillet,1884,13.67,1884
163,1884-08-01,Global,-0.28,Août,1884,13.72,1884
164,1884-09-01,Global,-0.27,Septembre,1884,13.73,1884
165,1884-10-01,Global,-0.25,Octobre,1884,13.75,1884
166,1884-11-01,Global,-0.33,Novembre,1884,13.67,1884
167,1884-12-01,Global,-0.31,Décembre,1884,13.69,1884
221,1885-01-01,Global,-0.59,Janvier,1885,13.41,1885
222,1885-02-01,Global,-0.33,Février,1885,13.67,1885
223,1885-03-01,Global,-0.26,Mars,1885,13.74,1885
224,1885-04-01,Global,-0.42,Avril,1885,13.58,1885
225,1885-05-01,Global,-0.45,Mai,1885,13.55,1885
226,1885-06-01,Global,-0.43,Juin,1885,13.57,1885
227,1885-07-01,Global,-0.34,Juillet,1885,13.66,1885
228,1885-08-01,Global,-0.31,Août,1885,13.69,1885
229,1885-09-01,Global,-0.28,Septembre,1885,13.72,1885
230,1885-10-01,Global,-0.23,Octobre,1885,13.77,1885
231,1885-11-01,Global,-0.24,Novembre,1885,13.76,1885
232,1885-12-01,Global,-0.1,Décembre,1885,13.9,1885
247,1886-01-01,Global,-0.44,Janvier,1886,13.56,1886
248,1886-02-01,Global,-0.51,Février,1886,13.49,1886
249,1886-03-01,Global,-0.43,Mars,1886,13.57,1886
250,1886-04-01,Global,-0.28,Avril,1886,13.72,1886
251,1886-05-01,Global,-0.24,Mai,1886,13.76,1886
252,1886-06-01,Global,-0.35,Juin,1886,13.65,1886
253,1886-07-01,Global,-0.18,Juillet,1886,13.82,1886
254,1886-08-01,Global,-0.31,Août,1886,13.69,1886
255,1886-09-01,Global,-0.24,Septembre,1886,13.76,1886
256,1886-10-01,Global,-0.28,Octobre,1886,13.72,1886
257,1886-11-01,Global,-0.27,Novembre,1886,13.73,1886
258,1886-12-01,Global,-0.25,Décembre,1886,13.75,1886
286,1887-01-01,Global,-0.72,Janvier,1887,13.28,1887
287,1887-02-01,Global,-0.57,Février,1887,13.43,1887
288,1887-03-01,Global,-0.36,Mars,1887,13.64,1887
289,1887-04-01,Global,-0.35,Avril,1887,13.65,1887
290,1887-05-01,Global,-0.3,Mai,1887,13.7,1887
291,1887-06-01,Global,-0.25,Juin,1887,13.75,1887
292,1887-07-01,Global,-0.26,Juillet,1887,13.74,1887
293,1887-08-01,Global,-0.35,Août,1887,13.65,1887
294,1887-09-01,Global,-0.26,Septembre,1887,13.74,1887
295,1887-10-01,Global,-0.36,Octobre,1887,13.64,1887
296,1887-11-01,Global,-0.26,Novembre,1887,13.74,1887
297,1887-12-01,Global,-0.33,Décembre,1887,13.67,1887
325,1888-01-01,Global,-0.34,Janvier,1888,13.66,1888
326,1888-02-01,Global,-0.36,Février,1888,13.64,1888
327,1888-03-01,Global,-0.41,Mars,1888,13.59,1888
328,1888-04-01,Global,-0.2,Avril,1888,13.8,1888
329,1888-05-01,Global,-0.22,Mai,1888,13.78,1888
330,1888-06-01,Global,-0.17,Juin,1888,13.83,1888
331,1888-07-01,Global,-0.1,Juillet,1888,13.9,1888
332,1888-08-01,Global,-0.16,Août,1888,13.84,1888
333,1888-09-01,Global,-0.12,Septembre,1888,13.88,1888
334,1888-10-01,Global,0.01,Octobre,1888,14.01,1888
335,1888-11-01,Global,0.03,Novembre,1888,14.03,1888
336,1888-12-01,Global,-0.04,Décembre,1888,13.96,1888
377,1889-01-01,Global,-0.09,Janvier,1889,13.91,1889
378,1889-02-01,Global,0.16,Février,1889,14.16,1889
379,1889-03-01,Global,0.06,Mars,1889,14.06,1889
380,1889-04-01,Global,0.09,Avril,1889,14.09,1889
381,1889-05-01,Global,-0.01,Mai,1889,13.99,1889
382,1889-06-01,Global,-0.1,Juin,1889,13.9,1889
383,1889-07-01,Global,-0.08,Juillet,1889,13.92,1889
384,1889-08-01,Global,-0.2,Août,1889,13.8,1889
385,1889-09-01,Global,-0.24,Septembre,1889,13.76,1889
386,1889-10-01,Global,-0.25,Octobre,1889,13.75,1889
387,1889-11-01,Global,-0.33,Novembre,1889,13.67,1889
388,1889-12-01,Global,-0.29,Décembre,1889,13.71,1889
416,1890-01-01,Global,-0.42,Janvier,1890,13.58,1890
417,1890-02-01,Global,-0.45,Février,1890,13.55,1890
418,1890-03-01,Global,-0.4,Mars,1890,13.6,1890
419,1890-04-01,Global,-0.3,Avril,1890,13.7,1890
420,1890-05-01,Global,-0.39,Mai,1890,13.61,1890
421,1890-06-01,Global,-0.25,Juin,1890,13.75,1890
422,1890-07-01,Global,-0.28,Juillet,1890,13.72,1890
423,1890-08-01,Global,-0.39,Août,1890,13.61,1890
424,1890-09-01,Global,-0.37,Septembre,1890,13.63,1890
425,1890-10-01,Global,-0.25,Octobre,1890,13.75,1890
426,1890-11-01,Global,-0.43,Novembre,1890,13.57,1890
427,1890-12-01,Global,-0.31,Décembre,1890,13.69,1890
455,1891-01-01,Global,-0.33,Janvier,1891,13.67,1891
456,1891-02-01,Global,-0.47,Février,1891,13.53,1891
457,1891-03-01,Global,-0.18,Mars,1891,13.82,1891
458,1891-04-01,Global,-0.27,Avril,1891,13.73,1891
459,1891-05-01,Global,-0.16,Mai,1891,13.84,1891
460,1891-06-01,Global,-0.2,Juin,1891,13.8,1891
461,1891-07-01,Global,-0.17,Juillet,1891,13.83,1891
462,1891-08-01,Global,-0.17,Août,1891,13.83,1891
463,1891-09-01,Global,-0.15,Septembre,1891,13.85,1891
464,1891-10-01,Global,-0.22,Octobre,1891,13.78,1891
465,1891-11-01,Global,-0.31,Novembre,1891,13.69,1891
466,1891-12-01,Global,-0.04,Décembre,1891,13.96,1891
494,1892-01-01,Global,-0.29,Janvier,1892,13.71,1892
495,1892-02-01,Global,-0.11,Février,1892,13.89,1892
496,1892-03-01,Global,-0.4,Mars,1892,13.6,1892
497,1892-04-01,Global,-0.33,Avril,1892,13.67,1892
498,1892-05-01,Global,-0.23,Mai,1892,13.77,1892
499,1892-06-01,Global,-0.22,Juin,1892,13.78,1892
500,1892-07-01,Global,-0.32,Juillet,1892,13.68,1892
501,1892-08-01,Global,-0.27,Août,1892,13.73,1892
502,1892-09-01,Global,-0.17,Septembre,1892,13.83,1892
503,1892-10-01,Global,-0.14,Octobre,1892,13.86,1892
504,1892-11-01,Global,-0.42,Novembre,1892,13.58,1892
505,1892-12-01,Global,-0.38,Décembre,1892,13.62,1892
533,1893-01-01,Global,-0.81,Janvier,1893,13.19,1893
534,1893-02-01,Global,-0.57,Février,1893,13.43,1893
535,1893-03-01,Global,-0.22,Mars,1893,13.78,1893
536,1893-04-01,Global,-0.27,Avril,1893,13.73,1893
537,1893-05-01,Global,-0.33,Mai,1893,13.67,1893
538,1893-06-01,Global,-0.26,Juin,1893,13.74,1893
539,1893-07-01,Global,-0.14,Juillet,1893,13.86,1893
540,1893-08-01,Global,-0.25,Août,1893,13.75,1893
541,1893-09-01,Global,-0.22,Septembre,1893,13.78,1893
542,1893-10-01,Global,-0.19,Octobre,1893,13.81,1893
543,1893-11-01,Global,-0.19,Novembre,1893,13.81,1893
544,1893-12-01,Global,-0.34,Décembre,1893,13.66,1893
559,1894-01-01,Global,-0.53,Janvier,1894,13.47,1894
560,1894-02-01,Global,-0.31,Février,1894,13.69,1894
561,1894-03-01,Global,-0.24,Mars,1894,13.76,1894
562,1894-04-01,Global,-0.46,Avril,1894,13.54,1894
563,1894-05-01,Global,-0.33,Mai,1894,13.67,1894
564,1894-06-01,Global,-0.41,Juin,1894,13.59,1894
565,1894-07-01,Global,-0.25,Juillet,1894,13.75,1894
566,1894-08-01,Global,-0.25,Août,1894,13.75,1894
567,1894-09-01,Global,-0.29,Septembre,1894,13.71,1894
568,1894-10-01,Global,-0.24,Octobre,1894,13.76,1894
569,1894-11-01,Global,-0.27,Novembre,1894,13.73,1894
570,1894-12-01,Global,-0.23,Décembre,1894,13.77,1894
585,1895-01-01,Global,-0.42,Janvier,1895,13.58,1895
586,1895-02-01,Global,-0.43,Février,1895,13.57,1895
587,1895-03-01,Global,-0.34,Mars,1895,13.66,1895
588,1895-04-01,Global,-0.23,Avril,1895,13.77,1895
589,1895-05-01,Global,-0.28,Mai,1895,13.72,1895
590,1895-06-01,Global,-0.21,Juin,1895,13.79,1895
591,1895-07-01,Global,-0.18,Juillet,1895,13.82,1895
592,1895-08-01,Global,-0.18,Août,1895,13.82,1895
593,1895-09-01,Global,-0.13,Septembre,1895,13.87,1895
594,1895-10-01,Global,-0.11,Octobre,1895,13.89,1895
595,1895-11-01,Global,-0.17,Novembre,1895,13.83,1895
596,1895-12-01,Global,-0.14,Décembre,1895,13.86,1895
624,1896-01-01,Global,-0.22,Janvier,1896,13.78,1896
625,1896-02-01,Global,-0.13,Février,1896,13.87,1896
626,1896-03-01,Global,-0.26,Mars,1896,13.74,1896
627,1896-04-01,Global,-0.3,Avril,1896,13.7,1896
628,1896-05-01,Global,-0.16,Mai,1896,13.84,1896
629,1896-06-01,Global,-0.11,Juin,1896,13.89,1896
630,1896-07-01,Global,-0.02,Juillet,1896,13.98,1896
631,1896-08-01,Global,-0.05,Août,1896,13.95,1896
632,1896-09-01,Global,-0.07,Septembre,1896,13.93,1896
633,1896-10-01,Global,0.06,Octobre,1896,14.06,1896
634,1896-11-01,Global,-0.04,Novembre,1896,13.96,1896
635,1896-12-01,Global,-0.04,Décembre,1896,13.96,1896
663,1897-01-01,Global,-0.15,Janvier,1897,13.85,1897
664,1897-02-01,Global,-0.17,Février,1897,13.83,1897
665,1897-03-01,Global,-0.14,Mars,1897,13.86,1897
666,1897-04-01,Global,-0.02,Avril,1897,13.98,1897
667,1897-05-01,Global,-0.01,Mai,1897,13.99,1897
668,1897-06-01,Global,-0.12,Juin,1897,13.88,1897
669,1897-07-01,Global,-0.03,Juillet,1897,13.97,1897
670,1897-08-01,Global,-0.09,Août,1897,13.91,1897
671,1897-09-01,Global,-0.09,Septembre,1897,13.91,1897
672,1897-10-01,Global,-0.13,Octobre,1897,13.87,1897
673,1897-11-01,Global,-0.17,Novembre,1897,13.83,1897
674,1897-12-01,Global,-0.2,Décembre,1897,13.8,1897
728,1898-01-01,Global,-0.02,Janvier,1898,13.98,1898
729,1898-02-01,Global,-0.3,Février,1898,13.7,1898
730,1898-03-01,Global,-0.51,Mars,1898,13.49,1898
731,1898-04-01,Global,-0.31,Avril,1898,13.69,1898
732,1898-05-01,Global,-0.3,Mai,1898,13.7,1898
733,1898-06-01,Global,-0.19,Juin,1898,13.81,1898
734,1898-07-01,Global,-0.22,Juillet,1898,13.78,1898
735,1898-08-01,Global,-0.27,Août,1898,13.73,1898
736,1898-09-01,Global,-0.21,Septembre,1898,13.79,1898
737,1898-10-01,Global,-0.34,Octobre,1898,13.66,1898
738,1898-11-01,Global,-0.38,Novembre,1898,13.62,1898
739,1898-12-01,Global,-0.23,Décembre,1898,13.77,1898
754,1899-01-01,Global,-0.16,Janvier,1899,13.84,1899
755,1899-02-01,Global,-0.39,Février,1899,13.61,1899
756,1899-03-01,Global,-0.36,Mars,1899,13.64,1899
757,1899-04-01,Global,-0.21,Avril,1899,13.79,1899
758,1899-05-01,Global,-0.24,Mai,1899,13.76,1899
759,1899-06-01,Global,-0.32,Juin,1899,13.68,1899
760,1899-07-01,Global,-0.17,Juillet,1899,13.83,1899
761,1899-08-01,Global,-0.08,Août,1899,13.92,1899
762,1899-09-01,Global,-0.05,Septembre,1899,13.95,1899
763,1899-10-01,Global,-0.04,Octobre,1899,13.96,1899
764,1899-11-01,Global,0.12,Novembre,1899,14.12,1899
765,1899-12-01,Global,-0.26,Décembre,1899,13.74,1899
793,1900-01-01,Global,-0.36,Janvier,1900,13.64,1900
794,1900-02-01,Global,-0.06,Février,1900,13.94,1900
795,1900-03-01,Global,0.0,Mars,1900,14.0,1900
796,1900-04-01,Global,-0.09,Avril,1900,13.91,1900
797,1900-05-01,Global,-0.09,Mai,1900,13.91,1900
798,1900-06-01,Global,-0.1,Juin,1900,13.9,1900
799,1900-07-01,Global,-0.13,Juillet,1900,13.87,1900
800,1900-08-01,Global,-0.09,Août,1900,13.91,1900
801,1900-09-01,Global,-0.05,Septembre,1900,13.95,1900
802,1900-10-01,Global,0.09,Octobre,1900,14.09,1900
803,1900-11-01,Global,-0.06,Novembre,1900,13.94,1900
804,1900-12-01,Global,-0.07,Décembre,1900,13.93,1900
832,1901-01-01,Global,-0.21,Janvier,1901,13.79,1901
833,1901-02-01,Global,-0.11,Février,1901,13.89,1901
834,1901-03-01,Global,0.06,Mars,1901,14.06,1901
835,1901-04-01,Global,-0.03,Avril,1901,13.97,1901
836,1901-05-01,Global,-0.15,Mai,1901,13.85,1901
837,1901-06-01,Global,-0.12,Juin,1901,13.88,1901
838,1901-07-01,Global,-0.15,Juillet,1901,13.85,1901
839,1901-08-01,Global,-0.2,Août,1901,13.8,1901
840,1901-09-01,Global,-0.22,Septembre,1901,13.78,1901
841,1901-10-01,Global,-0.29,Octobre,1901,13.71,1901
842,1901-11-01,Global,-0.18,Novembre,1901,13.82,1901
843,1901-12-01,Global,-0.28,Décembre,1901,13.72,1901
871,1902-01-01,Global,-0.18,Janvier,1902,13.82,1902
872,1902-02-01,Global,-0.07,Février,1902,13.93,1902
873,1902-03-01,Global,-0.27,Mars,1902,13.73,1902
874,1902-04-01,Global,-0.28,Avril,1902,13.72,1902
875,1902-05-01,Global,-0.32,Mai,1902,13.68,1902
876,1902-06-01,Global,-0.3,Juin,1902,13.7,1902
877,1902-07-01,Global,-0.28,Juillet,1902,13.72,1902
878,1902-08-01,Global,-0.3,Août,1902,13.7,1902
879,1902-09-01,Global,-0.29,Septembre,1902,13.71,1902
880,1902-10-01,Global,-0.29,Octobre,1902,13.71,1902
881,1902-11-01,Global,-0.35,Novembre,1902,13.65,1902
882,1902-12-01,Global,-0.41,Décembre,1902,13.59,1902
897,1903-01-01,Global,-0.23,Janvier,1903,13.77,1903
898,1903-02-01,Global,-0.05,Février,1903,13.95,1903
899,1903-03-01,Global,-0.22,Mars,1903,13.78,1903
900,1903-04-01,Global,-0.41,Avril,1903,13.59,1903
901,1903-05-01,Global,-0.39,Mai,1903,13.61,1903
902,1903-06-01,Global,-0.42,Juin,1903,13.58,1903
903,1903-07-01,Global,-0.35,Juillet,1903,13.65,1903
904,1903-08-01,Global,-0.45,Août,1903,13.55,1903
905,1903-09-01,Global,-0.5,Septembre,1903,13.5,1903
906,1903-10-01,Global,-0.48,Octobre,1903,13.52,1903
907,1903-11-01,Global,-0.42,Novembre,1903,13.58,1903
908,1903-12-01,Global,-0.5,Décembre,1903,13.5,1903
962,1904-01-01,Global,-0.63,Janvier,1904,13.37,1904
963,1904-02-01,Global,-0.57,Février,1904,13.43,1904
964,1904-03-01,Global,-0.48,Mars,1904,13.52,1904
965,1904-04-01,Global,-0.5,Avril,1904,13.5,1904
966,1904-05-01,Global,-0.52,Mai,1904,13.48,1904
967,1904-06-01,Global,-0.48,Juin,1904,13.52,1904
968,1904-07-01,Global,-0.51,Juillet,1904,13.49,1904
969,1904-08-01,Global,-0.49,Août,1904,13.51,1904
970,1904-09-01,Global,-0.55,Septembre,1904,13.45,1904
971,1904-10-01,Global,-0.38,Octobre,1904,13.62,1904
972,1904-11-01,Global,-0.17,Novembre,1904,13.83,1904
973,1904-12-01,Global,-0.32,Décembre,1904,13.68,1904
1001,1905-01-01,Global,-0.34,Janvier,1905,13.66,1905
1002,1905-02-01,Global,-0.58,Février,1905,13.42,1905
1003,1905-03-01,Global,-0.21,Mars,1905,13.79,1905
1004,1905-04-01,Global,-0.33,Avril,1905,13.67,1905
1005,1905-05-01,Global,-0.29,Mai,1905,13.71,1905
1006,1905-06-01,Global,-0.28,Juin,1905,13.72,1905
1007,1905-07-01,Global,-0.26,Juillet,1905,13.74,1905
1008,1905-08-01,Global,-0.2,Août,1905,13.8,1905
1009,1905-09-01,Global,-0.19,Septembre,1905,13.81,1905
1010,1905-10-01,Global,-0.24,Octobre,1905,13.76,1905
1011,1905-11-01,Global,-0.06,Novembre,1905,13.94,1905
1012,1905-12-01,Global,-0.12,Décembre,1905,13.88,1905
1040,1906-01-01,Global,-0.27,Janvier,1906,13.73,1906
1041,1906-02-01,Global,-0.29,Février,1906,13.71,1906
1042,1906-03-01,Global,-0.18,Mars,1906,13.82,1906
1043,1906-04-01,Global,-0.04,Avril,1906,13.96,1906
1044,1906-05-01,Global,-0.25,Mai,1906,13.75,1906
1045,1906-06-01,Global,-0.19,Juin,1906,13.81,1906
1046,1906-07-01,Global,-0.22,Juillet,1906,13.78,1906
1047,1906-08-01,Global,-0.19,Août,1906,13.81,1906
1048,1906-09-01,Global,-0.28,Septembre,1906,13.72,1906
1049,1906-10-01,Global,-0.19,Octobre,1906,13.81,1906
1050,1906-11-01,Global,-0.37,Novembre,1906,13.63,1906
1051,1906-12-01,Global,-0.14,Décembre,1906,13.86,1906
1066,1907-01-01,Global,-0.43,Janvier,1907,13.57,1907
1067,1907-02-01,Global,-0.51,Février,1907,13.49,1907
1068,1907-03-01,Global,-0.27,Mars,1907,13.73,1907
1069,1907-04-01,Global,-0.36,Avril,1907,13.64,1907
1070,1907-05-01,Global,-0.46,Mai,1907,13.54,1907
1071,1907-06-01,Global,-0.42,Juin,1907,13.58,1907
1072,1907-07-01,Global,-0.34,Juillet,1907,13.66,1907
1073,1907-08-01,Global,-0.34,Août,1907,13.66,1907
1074,1907-09-01,Global,-0.34,Septembre,1907,13.66,1907
1075,1907-10-01,Global,-0.22,Octobre,1907,13.78,1907
1076,1907-11-01,Global,-0.46,Novembre,1907,13.54,1907
1077,1907-12-01,Global,-0.46,Décembre,1907,13.54,1907
1092,1908-01-01,Global,-0.44,Janvier,1908,13.56,1908
1093,1908-02-01,Global,-0.32,Février,1908,13.68,1908
1094,1908-03-01,Global,-0.55,Mars,1908,13.45,1908
1095,1908-04-01,Global,-0.44,Avril,1908,13.56,1908
1096,1908-05-01,Global,-0.37,Mai,1908,13.63,1908
1097,1908-06-01,Global,-0.38,Juin,1908,13.62,1908
1098,1908-07-01,Global,-0.35,Juillet,1908,13.65,1908
1099,1908-08-01,Global,-0.45,Août,1908,13.55,1908
1100,1908-09-01,Global,-0.35,Septembre,1908,13.65,1908
1101,1908-10-01,Global,-0.43,Octobre,1908,13.57,1908
1102,1908-11-01,Global,-0.51,Novembre,1908,13.49,1908
1103,1908-12-01,Global,-0.48,Décembre,1908,13.52,1908
1131,1909-01-01,Global,-0.72,Janvier,1909,13.28,1909
1132,1909-02-01,Global,-0.46,Février,1909,13.54,1909
1133,1909-03-01,Global,-0.54,Mars,1909,13.46,1909
1134,1909-04-01,Global,-0.58,Avril,1909,13.42,1909
1135,1909-05-01,Global,-0.54,Mai,1909,13.46,1909
1136,1909-06-01,Global,-0.52,Juin,1909,13.48,1909
1137,1909-07-01,Global,-0.45,Juillet,1909,13.55,1909
1138,1909-08-01,Global,-0.33,Août,1909,13.67,1909
1139,1909-09-01,Global,-0.38,Septembre,1909,13.62,1909
1140,1909-10-01,Global,-0.4,Octobre,1909,13.6,1909
1141,1909-11-01,Global,-0.31,Novembre,1909,13.69,1909
1142,1909-12-01,Global,-0.56,Décembre,1909,13.44,1909
1170,1910-01-01,Global,-0.42,Janvier,1910,13.58,1910
1171,1910-02-01,Global,-0.41,Février,1910,13.59,1910
1172,1910-03-01,Global,-0.5,Mars,1910,13.5,1910
1173,1910-04-01,Global,-0.42,Avril,1910,13.58,1910
1174,1910-05-01,Global,-0.34,Mai,1910,13.66,1910
1175,1910-06-01,Global,-0.38,Juin,1910,13.62,1910
1176,1910-07-01,Global,-0.34,Juillet,1910,13.66,1910
1177,1910-08-01,Global,-0.36,Août,1910,13.64,1910
1178,1910-09-01,Global,-0.39,Septembre,1910,13.61,1910
1179,1910-10-01,Global,-0.41,Octobre,1910,13.59,1910
1180,1910-11-01,Global,-0.55,Novembre,1910,13.45,1910
1181,1910-12-01,Global,-0.67,Décembre,1910,13.33,1910
1209,1911-01-01,Global,-0.62,Janvier,1911,13.38,1911
1210,1911-02-01,Global,-0.57,Février,1911,13.43,1911
1211,1911-03-01,Global,-0.61,Mars,1911,13.39,1911
1212,1911-04-01,Global,-0.53,Avril,1911,13.47,1911
1213,1911-05-01,Global,-0.51,Mai,1911,13.49,1911
1214,1911-06-01,Global,-0.5,Juin,1911,13.5,1911
1215,1911-07-01,Global,-0.41,Juillet,1911,13.59,1911
1216,1911-08-01,Global,-0.44,Août,1911,13.56,1911
1217,1911-09-01,Global,-0.4,Septembre,1911,13.6,1911
1218,1911-10-01,Global,-0.26,Octobre,1911,13.74,1911
1219,1911-11-01,Global,-0.21,Novembre,1911,13.79,1911
1220,1911-12-01,Global,-0.21,Décembre,1911,13.79,1911
1274,1912-01-01,Global,-0.25,Janvier,1912,13.75,1912
1275,1912-02-01,Global,-0.14,Février,1912,13.86,1912
1276,1912-03-01,Global,-0.37,Mars,1912,13.63,1912
1277,1912-04-01,Global,-0.17,Avril,1912,13.83,1912
1278,1912-05-01,Global,-0.21,Mai,1912,13.79,1912
1279,1912-06-01,Global,-0.23,Juin,1912,13.77,1912
1280,1912-07-01,Global,-0.42,Juillet,1912,13.58,1912
1281,1912-08-01,Global,-0.54,Août,1912,13.46,1912
1282,1912-09-01,Global,-0.59,Septembre,1912,13.41,1912
1283,1912-10-01,Global,-0.57,Octobre,1912,13.43,1912
1284,1912-11-01,Global,-0.38,Novembre,1912,13.62,1912
1285,1912-12-01,Global,-0.43,Décembre,1912,13.57,1912
1300,1913-01-01,Global,-0.4,Janvier,1913,13.6,1913
1301,1913-02-01,Global,-0.45,Février,1913,13.55,1913
1302,1913-03-01,Global,-0.42,Mars,1913,13.58,1913
1303,1913-04-01,Global,-0.39,Avril,1913,13.61,1913
1304,1913-05-01,Global,-0.44,Mai,1913,13.56,1913
1305,1913-06-01,Global,-0.45,Juin,1913,13.55,1913
1306,1913-07-01,Global,-0.36,Juillet,1913,13.64,1913
1307,1913-08-01,Global,-0.33,Août,1913,13.67,1913
1308,1913-09-01,Global,-0.35,Septembre,1913,13.65,1913
1309,1913-10-01,Global,-0.32,Octobre,1913,13.68,1913
1310,1913-11-01,Global,-0.19,Novembre,1913,13.81,1913
1311,1913-12-01,Global,-0.02,Décembre,1913,13.98,1913
1339,1914-01-01,Global,0.05,Janvier,1914,14.05,1914
1340,1914-02-01,Global,-0.09,Février,1914,13.91,1914
1341,1914-03-01,Global,-0.24,Mars,1914,13.76,1914
1342,1914-04-01,Global,-0.29,Avril,1914,13.71,1914
1343,1914-05-01,Global,-0.21,Mai,1914,13.79,1914
1344,1914-06-01,Global,-0.25,Juin,1914,13.75,1914
1345,1914-07-01,Global,-0.23,Juillet,1914,13.77,1914
1346,1914-08-01,Global,-0.16,Août,1914,13.84,1914
1347,1914-09-01,Global,-0.17,Septembre,1914,13.83,1914
1348,1914-10-01,Global,-0.03,Octobre,1914,13.97,1914
1349,1914-11-01,Global,-0.15,Novembre,1914,13.85,1914
1350,1914-12-01,Global,-0.03,Décembre,1914,13.97,1914
1378,1915-01-01,Global,-0.2,Janvier,1915,13.8,1915
1379,1915-02-01,Global,-0.03,Février,1915,13.97,1915
1380,1915-03-01,Global,-0.09,Mars,1915,13.91,1915
1381,1915-04-01,Global,0.07,Avril,1915,14.07,1915
1382,1915-05-01,Global,-0.06,Mai,1915,13.94,1915
1383,1915-06-01,Global,-0.22,Juin,1915,13.78,1915
1384,1915-07-01,Global,-0.12,Juillet,1915,13.88,1915
1385,1915-08-01,Global,-0.22,Août,1915,13.78,1915
1386,1915-09-01,Global,-0.2,Septembre,1915,13.8,1915
1387,1915-10-01,Global,-0.24,Octobre,1915,13.76,1915
1388,1915-11-01,Global,-0.12,Novembre,1915,13.88,1915
1389,1915-12-01,Global,-0.21,Décembre,1915,13.79,1915
1430,1916-01-01,Global,-0.12,Janvier,1916,13.88,1916
1431,1916-02-01,Global,-0.14,Février,1916,13.86,1916
1432,1916-03-01,Global,-0.28,Mars,1916,13.72,1916
1433,1916-04-01,Global,-0.3,Avril,1916,13.7,1916
1434,1916-05-01,Global,-0.34,Mai,1916,13.66,1916
1435,1916-06-01,Global,-0.49,Juin,1916,13.51,1916
1436,1916-07-01,Global,-0.37,Juillet,1916,13.63,1916
1437,1916-08-01,Global,-0.28,Août,1916,13.72,1916
1438,1916-09-01,Global,-0.36,Septembre,1916,13.64,1916
1439,1916-10-01,Global,-0.33,Octobre,1916,13.67,1916
1440,1916-11-01,Global,-0.46,Novembre,1916,13.54,1916
1441,1916-12-01,Global,-0.81,Décembre,1916,13.19,1916
1469,1917-01-01,Global,-0.57,Janvier,1917,13.43,1917
1470,1917-02-01,Global,-0.63,Février,1917,13.37,1917
1471,1917-03-01,Global,-0.63,Mars,1917,13.37,1917
1472,1917-04-01,Global,-0.54,Avril,1917,13.46,1917
1473,1917-05-01,Global,-0.55,Mai,1917,13.45,1917
1474,1917-06-01,Global,-0.43,Juin,1917,13.57,1917
1475,1917-07-01,Global,-0.25,Juillet,1917,13.75,1917
1476,1917-08-01,Global,-0.22,Août,1917,13.78,1917
1477,1917-09-01,Global,-0.22,Septembre,1917,13.78,1917
1478,1917-10-01,Global,-0.44,Octobre,1917,13.56,1917
1479,1917-11-01,Global,-0.33,Novembre,1917,13.67,1917
1480,1917-12-01,Global,-0.67,Décembre,1917,13.33,1917
1508,1918-01-01,Global,-0.47,Janvier,1918,13.53,1918
1509,1918-02-01,Global,-0.34,Février,1918,13.66,1918
1510,1918-03-01,Global,-0.24,Mars,1918,13.76,1918
1511,1918-04-01,Global,-0.44,Avril,1918,13.56,1918
1512,1918-05-01,Global,-0.43,Mai,1918,13.57,1918
1513,1918-06-01,Global,-0.36,Juin,1918,13.64,1918
1514,1918-07-01,Global,-0.31,Juillet,1918,13.69,1918
1515,1918-08-01,Global,-0.32,Août,1918,13.68,1918
1516,1918-09-01,Global,-0.17,Septembre,1918,13.83,1918
1517,1918-10-01,Global,-0.06,Octobre,1918,13.94,1918
1518,1918-11-01,Global,-0.11,Novembre,1918,13.89,1918
1519,1918-12-01,Global,-0.29,Décembre,1918,13.71,1918
1547,1919-01-01,Global,-0.2,Janvier,1919,13.8,1919
1548,1919-02-01,Global,-0.24,Février,1919,13.76,1919
1549,1919-03-01,Global,-0.21,Mars,1919,13.79,1919
1550,1919-04-01,Global,-0.12,Avril,1919,13.88,1919
1551,1919-05-01,Global,-0.28,Mai,1919,13.72,1919
1552,1919-06-01,Global,-0.36,Juin,1919,13.64,1919
1553,1919-07-01,Global,-0.29,Juillet,1919,13.71,1919
1554,1919-08-01,Global,-0.33,Août,1919,13.67,1919
1555,1919-09-01,Global,-0.25,Septembre,1919,13.75,1919
1556,1919-10-01,Global,-0.2,Octobre,1919,13.8,1919
1557,1919-11-01,Global,-0.41,Novembre,1919,13.59,1919
1558,1919-12-01,Global,-0.42,Décembre,1919,13.58,1919
1586,1920-01-01,Global,-0.24,Janvier,1920,13.76,1920
1587,1920-02-01,Global,-0.26,Février,1920,13.74,1920
1588,1920-03-01,Global,-0.12,Mars,1920,13.88,1920
1589,1920-04-01,Global,-0.24,Avril,1920,13.76,1920
1590,1920-05-01,Global,-0.27,Mai,1920,13.73,1920
1591,1920-06-01,Global,-0.36,Juin,1920,13.64,1920
1592,1920-07-01,Global,-0.3,Juillet,1920,13.7,1920
1593,1920-08-01,Global,-0.26,Août,1920,13.74,1920
1594,1920-09-01,Global,-0.22,Septembre,1920,13.78,1920
1595,1920-10-01,Global,-0.26,Octobre,1920,13.74,1920
1596,1920-11-01,Global,-0.27,Novembre,1920,13.73,1920
1597,1920-12-01,Global,-0.46,Décembre,1920,13.54,1920
1612,1921-01-01,Global,-0.04,Janvier,1921,13.96,1921
1613,1921-02-01,Global,-0.18,Février,1921,13.82,1921
1614,1921-03-01,Global,-0.23,Mars,1921,13.77,1921
1615,1921-04-01,Global,-0.3,Avril,1921,13.7,1921
1616,1921-05-01,Global,-0.3,Mai,1921,13.7,1921
1617,1921-06-01,Global,-0.27,Juin,1921,13.73,1921
1618,1921-07-01,Global,-0.14,Juillet,1921,13.86,1921
1619,1921-08-01,Global,-0.26,Août,1921,13.74,1921
1620,1921-09-01,Global,-0.19,Septembre,1921,13.81,1921
1621,1921-10-01,Global,-0.04,Octobre,1921,13.96,1921
1622,1921-11-01,Global,-0.14,Novembre,1921,13.86,1921
1623,1921-12-01,Global,-0.18,Décembre,1921,13.82,1921
1638,1922-01-01,Global,-0.33,Janvier,1922,13.67,1922
1639,1922-02-01,Global,-0.44,Février,1922,13.56,1922
1640,1922-03-01,Global,-0.15,Mars,1922,13.85,1922
1641,1922-04-01,Global,-0.23,Avril,1922,13.77,1922
1642,1922-05-01,Global,-0.34,Mai,1922,13.66,1922
1643,1922-06-01,Global,-0.31,Juin,1922,13.69,1922
1644,1922-07-01,Global,-0.27,Juillet,1922,13.73,1922
1645,1922-08-01,Global,-0.33,Août,1922,13.67,1922
1646,1922-09-01,Global,-0.36,Septembre,1922,13.64,1922
1647,1922-10-01,Global,-0.33,Octobre,1922,13.67,1922
1648,1922-11-01,Global,-0.15,Novembre,1922,13.85,1922
1649,1922-12-01,Global,-0.19,Décembre,1922,13.81,1922
1677,1923-01-01,Global,-0.28,Janvier,1923,13.72,1923
1678,1923-02-01,Global,-0.39,Février,1923,13.61,1923
1679,1923-03-01,Global,-0.34,Mars,1923,13.66,1923
1680,1923-04-01,Global,-0.41,Avril,1923,13.59,1923
1681,1923-05-01,Global,-0.34,Mai,1923,13.66,1923
1682,1923-06-01,Global,-0.3,Juin,1923,13.7,1923
1683,1923-07-01,Global,-0.31,Juillet,1923,13.69,1923
1684,1923-08-01,Global,-0.33,Août,1923,13.67,1923
1685,1923-09-01,Global,-0.31,Septembre,1923,13.69,1923
1686,1923-10-01,Global,-0.14,Octobre,1923,13.86,1923
1687,1923-11-01,Global,-0.03,Novembre,1923,13.97,1923
1688,1923-12-01,Global,-0.05,Décembre,1923,13.95,1923
1716,1924-01-01,Global,-0.23,Janvier,1924,13.77,1924
1717,1924-02-01,Global,-0.24,Février,1924,13.76,1924
1718,1924-03-01,Global,-0.08,Mars,1924,13.92,1924
1719,1924-04-01,Global,-0.32,Avril,1924,13.68,1924
1720,1924-05-01,Global,-0.18,Mai,1924,13.82,1924
1721,1924-06-01,Global,-0.26,Juin,1924,13.74,1924
1722,1924-07-01,Global,-0.29,Juillet,1924,13.71,1924
1723,1924-08-01,Global,-0.36,Août,1924,13.64,1924
1724,1924-09-01,Global,-0.32,Septembre,1924,13.68,1924
1725,1924-10-01,Global,-0.35,Octobre,1924,13.65,1924
1726,1924-11-01,Global,-0.21,Novembre,1924,13.79,1924
1727,1924-12-01,Global,-0.43,Décembre,1924,13.57,1924
1755,1925-01-01,Global,-0.39,Janvier,1925,13.61,1925
1756,1925-02-01,Global,-0.4,Février,1925,13.6,1925
1757,1925-03-01,Global,-0.28,Mars,1925,13.72,1925
1758,1925-04-01,Global,-0.26,Avril,1925,13.74,1925
1759,1925-05-01,Global,-0.29,Mai,1925,13.71,1925
1760,1925-06-01,Global,-0.33,Juin,1925,13.67,1925
1761,1925-07-01,Global,-0.27,Juillet,1925,13.73,1925
1762,1925-08-01,Global,-0.2,Août,1925,13.8,1925
1763,1925-09-01,Global,-0.2,Septembre,1925,13.8,1925
1764,1925-10-01,Global,-0.17,Octobre,1925,13.83,1925
1765,1925-11-01,Global,0.05,Novembre,1925,14.05,1925
1766,1925-12-01,Global,0.06,Décembre,1925,14.06,1925
1807,1926-01-01,Global,0.2,Janvier,1926,14.2,1926
1808,1926-02-01,Global,0.02,Février,1926,14.02,1926
1809,1926-03-01,Global,0.11,Mars,1926,14.11,1926
1810,1926-04-01,Global,-0.12,Avril,1926,13.88,1926
1811,1926-05-01,Global,-0.24,Mai,1926,13.76,1926
1812,1926-06-01,Global,-0.26,Juin,1926,13.74,1926
1813,1926-07-01,Global,-0.28,Juillet,1926,13.72,1926
1814,1926-08-01,Global,-0.13,Août,1926,13.87,1926
1815,1926-09-01,Global,-0.14,Septembre,1926,13.86,1926
1816,1926-10-01,Global,-0.11,Octobre,1926,13.89,1926
1817,1926-11-01,Global,-0.07,Novembre,1926,13.93,1926
1818,1926-12-01,Global,-0.3,Décembre,1926,13.7,1926
1846,1927-01-01,Global,-0.27,Janvier,1927,13.73,1927
1847,1927-02-01,Global,-0.18,Février,1927,13.82,1927
1848,1927-03-01,Global,-0.39,Mars,1927,13.61,1927
1849,1927-04-01,Global,-0.3,Avril,1927,13.7,1927
1850,1927-05-01,Global,-0.25,Mai,1927,13.75,1927
1851,1927-06-01,Global,-0.27,Juin,1927,13.73,1927
1852,1927-07-01,Global,-0.18,Juillet,1927,13.82,1927
1853,1927-08-01,Global,-0.24,Août,1927,13.76,1927
1854,1927-09-01,Global,-0.13,Septembre,1927,13.87,1927
1855,1927-10-01,Global,-0.01,Octobre,1927,13.99,1927
1856,1927-11-01,Global,-0.05,Novembre,1927,13.95,1927
1857,1927-12-01,Global,-0.33,Décembre,1927,13.67,1927
1885,1928-01-01,Global,-0.02,Janvier,1928,13.98,1928
1886,1928-02-01,Global,-0.09,Février,1928,13.91,1928
1887,1928-03-01,Global,-0.25,Mars,1928,13.75,1928
1888,1928-04-01,Global,-0.28,Avril,1928,13.72,1928
1889,1928-05-01,Global,-0.3,Mai,1928,13.7,1928
1890,1928-06-01,Global,-0.39,Juin,1928,13.61,1928
1891,1928-07-01,Global,-0.19,Juillet,1928,13.81,1928
1892,1928-08-01,Global,-0.22,Août,1928,13.78,1928
1893,1928-09-01,Global,-0.22,Septembre,1928,13.78,1928
1894,1928-10-01,Global,-0.19,Octobre,1928,13.81,1928
1895,1928-11-01,Global,-0.09,Novembre,1928,13.91,1928
1896,1928-12-01,Global,-0.17,Décembre,1928,13.83,1928
1924,1929-01-01,Global,-0.45,Janvier,1929,13.55,1929
1925,1929-02-01,Global,-0.59,Février,1929,13.41,1929
1926,1929-03-01,Global,-0.32,Mars,1929,13.68,1929
1927,1929-04-01,Global,-0.42,Avril,1929,13.58,1929
1928,1929-05-01,Global,-0.38,Mai,1929,13.62,1929
1929,1929-06-01,Global,-0.44,Juin,1929,13.56,1929
1930,1929-07-01,Global,-0.37,Juillet,1929,13.63,1929
1931,1929-08-01,Global,-0.33,Août,1929,13.67,1929
1932,1929-09-01,Global,-0.26,Septembre,1929,13.74,1929
1933,1929-10-01,Global,-0.14,Octobre,1929,13.86,1929
1934,1929-11-01,Global,-0.11,Novembre,1929,13.89,1929
1935,1929-12-01,Global,-0.54,Décembre,1929,13.46,1929
1950,1930-01-01,Global,-0.3,Janvier,1930,13.7,1930
1951,1930-02-01,Global,-0.27,Février,1930,13.73,1930
1952,1930-03-01,Global,-0.11,Mars,1930,13.89,1930
1953,1930-04-01,Global,-0.25,Avril,1930,13.75,1930
1954,1930-05-01,Global,-0.24,Mai,1930,13.76,1930
1955,1930-06-01,Global,-0.22,Juin,1930,13.78,1930
1956,1930-07-01,Global,-0.21,Juillet,1930,13.79,1930
1957,1930-08-01,Global,-0.15,Août,1930,13.85,1930
1958,1930-09-01,Global,-0.15,Septembre,1930,13.85,1930
1959,1930-10-01,Global,-0.12,Octobre,1930,13.88,1930
1960,1930-11-01,Global,0.18,Novembre,1930,14.18,1930
1961,1930-12-01,Global,-0.06,Décembre,1930,13.94,1930
2015,1931-01-01,Global,-0.11,Janvier,1931,13.89,1931
2016,1931-02-01,Global,-0.21,Février,1931,13.79,1931
2017,1931-03-01,Global,-0.1,Mars,1931,13.9,1931
2018,1931-04-01,Global,-0.23,Avril,1931,13.77,1931
2019,1931-05-01,Global,-0.2,Mai,1931,13.8,1931
2020,1931-06-01,Global,-0.09,Juin,1931,13.91,1931
2021,1931-07-01,Global,-0.04,Juillet,1931,13.96,1931
2022,1931-08-01,Global,-0.04,Août,1931,13.96,1931
2023,1931-09-01,Global,-0.07,Septembre,1931,13.93,1931
2024,1931-10-01,Global,0.05,Octobre,1931,14.05,1931
2025,1931-11-01,Global,-0.06,Novembre,1931,13.94,1931
2026,1931-12-01,Global,-0.05,Décembre,1931,13.95,1931
2054,1932-01-01,Global,0.15,Janvier,1932,14.15,1932
2055,1932-02-01,Global,-0.17,Février,1932,13.83,1932
2056,1932-03-01,Global,-0.18,Mars,1932,13.82,1932
2057,1932-04-01,Global,-0.06,Avril,1932,13.94,1932
2058,1932-05-01,Global,-0.17,Mai,1932,13.83,1932
2059,1932-06-01,Global,-0.29,Juin,1932,13.71,1932
2060,1932-07-01,Global,-0.25,Juillet,1932,13.75,1932
2061,1932-08-01,Global,-0.22,Août,1932,13.78,1932
2062,1932-09-01,Global,-0.11,Septembre,1932,13.89,1932
2063,1932-10-01,Global,-0.09,Octobre,1932,13.91,1932
2064,1932-11-01,Global,-0.27,Novembre,1932,13.73,1932
2065,1932-12-01,Global,-0.26,Décembre,1932,13.74,1932
2093,1933-01-01,Global,-0.24,Janvier,1933,13.76,1933
2094,1933-02-01,Global,-0.3,Février,1933,13.7,1933
2095,1933-03-01,Global,-0.3,Mars,1933,13.7,1933
2096,1933-04-01,Global,-0.24,Avril,1933,13.76,1933
2097,1933-05-01,Global,-0.29,Mai,1933,13.71,1933
2098,1933-06-01,Global,-0.35,Juin,1933,13.65,1933
2099,1933-07-01,Global,-0.21,Juillet,1933,13.79,1933
2100,1933-08-01,Global,-0.24,Août,1933,13.76,1933
2101,1933-09-01,Global,-0.3,Septembre,1933,13.7,1933
2102,1933-10-01,Global,-0.25,Octobre,1933,13.75,1933
2103,1933-11-01,Global,-0.31,Novembre,1933,13.69,1933
2104,1933-12-01,Global,-0.45,Décembre,1933,13.55,1933
2119,1934-01-01,Global,-0.21,Janvier,1934,13.79,1934
2120,1934-02-01,Global,-0.03,Février,1934,13.97,1934
2121,1934-03-01,Global,-0.29,Mars,1934,13.71,1934
2122,1934-04-01,Global,-0.31,Avril,1934,13.69,1934
2123,1934-05-01,Global,-0.09,Mai,1934,13.91,1934
2124,1934-06-01,Global,-0.15,Juin,1934,13.85,1934
2125,1934-07-01,Global,-0.1,Juillet,1934,13.9,1934
2126,1934-08-01,Global,-0.12,Août,1934,13.88,1934
2127,1934-09-01,Global,-0.15,Septembre,1934,13.85,1934
2128,1934-10-01,Global,-0.07,Octobre,1934,13.93,1934
2129,1934-11-01,Global,0.03,Novembre,1934,14.03,1934
2130,1934-12-01,Global,-0.02,Décembre,1934,13.98,1934
2145,1935-01-01,Global,-0.34,Janvier,1935,13.66,1935
2146,1935-02-01,Global,0.14,Février,1935,14.14,1935
2147,1935-03-01,Global,-0.14,Mars,1935,13.86,1935
2148,1935-04-01,Global,-0.37,Avril,1935,13.63,1935
2149,1935-05-01,Global,-0.29,Mai,1935,13.71,1935
2150,1935-06-01,Global,-0.27,Juin,1935,13.73,1935
2151,1935-07-01,Global,-0.22,Juillet,1935,13.78,1935
2152,1935-08-01,Global,-0.22,Août,1935,13.78,1935
2153,1935-09-01,Global,-0.21,Septembre,1935,13.79,1935
2154,1935-10-01,Global,-0.06,Octobre,1935,13.94,1935
2155,1935-11-01,Global,-0.26,Novembre,1935,13.74,1935
2156,1935-12-01,Global,-0.17,Décembre,1935,13.83,1935
2184,1936-01-01,Global,-0.27,Janvier,1936,13.73,1936
2185,1936-02-01,Global,-0.38,Février,1936,13.62,1936
2186,1936-03-01,Global,-0.21,Mars,1936,13.79,1936
2187,1936-04-01,Global,-0.2,Avril,1936,13.8,1936
2188,1936-05-01,Global,-0.16,Mai,1936,13.84,1936
2189,1936-06-01,Global,-0.22,Juin,1936,13.78,1936
2190,1936-07-01,Global,-0.09,Juillet,1936,13.91,1936
2191,1936-08-01,Global,-0.13,Août,1936,13.87,1936
2192,1936-09-01,Global,-0.09,Septembre,1936,13.91,1936
2193,1936-10-01,Global,-0.03,Octobre,1936,13.97,1936
2194,1936-11-01,Global,0.01,Novembre,1936,14.01,1936
2195,1936-12-01,Global,-0.01,Décembre,1936,13.99,1936
2223,1937-01-01,Global,-0.07,Janvier,1937,13.93,1937
2224,1937-02-01,Global,0.03,Février,1937,14.03,1937
2225,1937-03-01,Global,-0.2,Mars,1937,13.8,1937
2226,1937-04-01,Global,-0.16,Avril,1937,13.84,1937
2227,1937-05-01,Global,-0.05,Mai,1937,13.95,1937
2228,1937-06-01,Global,-0.05,Juin,1937,13.95,1937
2229,1937-07-01,Global,-0.03,Juillet,1937,13.97,1937
2230,1937-08-01,Global,0.01,Août,1937,14.01,1937
2231,1937-09-01,Global,0.09,Septembre,1937,14.09,1937
2232,1937-10-01,Global,0.09,Octobre,1937,14.09,1937
2233,1937-11-01,Global,0.09,Novembre,1937,14.09,1937
2234,1937-12-01,Global,-0.07,Décembre,1937,13.93,1937
2262,1938-01-01,Global,0.08,Janvier,1938,14.08,1938
2263,1938-02-01,Global,0.04,Février,1938,14.04,1938
2264,1938-03-01,Global,0.1,Mars,1938,14.1,1938
2265,1938-04-01,Global,0.06,Avril,1938,14.06,1938
2266,1938-05-01,Global,-0.09,Mai,1938,13.91,1938
2267,1938-06-01,Global,-0.17,Juin,1938,13.83,1938
2268,1938-07-01,Global,-0.09,Juillet,1938,13.91,1938
2269,1938-08-01,Global,-0.05,Août,1938,13.95,1938
2270,1938-09-01,Global,0.01,Septembre,1938,14.01,1938
2271,1938-10-01,Global,0.15,Octobre,1938,14.15,1938
2272,1938-11-01,Global,0.08,Novembre,1938,14.08,1938
2273,1938-12-01,Global,-0.13,Décembre,1938,13.87,1938
2327,1939-01-01,Global,-0.05,Janvier,1939,13.95,1939
2328,1939-02-01,Global,-0.06,Février,1939,13.94,1939
2329,1939-03-01,Global,-0.17,Mars,1939,13.83,1939
2330,1939-04-01,Global,-0.09,Avril,1939,13.91,1939
2331,1939-05-01,Global,-0.04,Mai,1939,13.96,1939
2332,1939-06-01,Global,-0.07,Juin,1939,13.93,1939
2333,1939-07-01,Global,-0.05,Juillet,1939,13.95,1939
2334,1939-08-01,Global,-0.06,Août,1939,13.94,1939
2335,1939-09-01,Global,-0.07,Septembre,1939,13.93,1939
2336,1939-10-01,Global,-0.03,Octobre,1939,13.97,1939
2337,1939-11-01,Global,0.07,Novembre,1939,14.07,1939
2338,1939-12-01,Global,0.44,Décembre,1939,14.44,1939
2353,1940-01-01,Global,0.0,Janvier,1940,14.0,1940
2354,1940-02-01,Global,0.08,Février,1940,14.08,1940
2355,1940-03-01,Global,0.09,Mars,1940,14.09,1940
2356,1940-04-01,Global,0.18,Avril,1940,14.18,1940
2357,1940-05-01,Global,0.11,Mai,1940,14.11,1940
2358,1940-06-01,Global,0.12,Juin,1940,14.12,1940
2359,1940-07-01,Global,0.13,Juillet,1940,14.13,1940
2360,1940-08-01,Global,0.07,Août,1940,14.07,1940
2361,1940-09-01,Global,0.15,Septembre,1940,14.15,1940
2362,1940-10-01,Global,0.11,Octobre,1940,14.11,1940
2363,1940-11-01,Global,0.17,Novembre,1940,14.17,1940
2364,1940-12-01,Global,0.32,Décembre,1940,14.32,1940
2392,1941-01-01,Global,0.18,Janvier,1941,14.18,1941
2393,1941-02-01,Global,0.31,Février,1941,14.31,1941
2394,1941-03-01,Global,0.1,Mars,1941,14.1,1941
2395,1941-04-01,Global,0.16,Avril,1941,14.16,1941
2396,1941-05-01,Global,0.17,Mai,1941,14.17,1941
2397,1941-06-01,Global,0.13,Juin,1941,14.13,1941
2398,1941-07-01,Global,0.22,Juillet,1941,14.22,1941
2399,1941-08-01,Global,0.15,Août,1941,14.15,1941
2400,1941-09-01,Global,0.02,Septembre,1941,14.02,1941
2401,1941-10-01,Global,0.35,Octobre,1941,14.35,1941
2402,1941-11-01,Global,0.23,Novembre,1941,14.23,1941
2403,1941-12-01,Global,0.22,Décembre,1941,14.22,1941
2431,1942-01-01,Global,0.3,Janvier,1942,14.3,1942
2432,1942-02-01,Global,0.03,Février,1942,14.03,1942
2433,1942-03-01,Global,0.05,Mars,1942,14.05,1942
2434,1942-04-01,Global,0.1,Avril,1942,14.1,1942
2435,1942-05-01,Global,0.11,Mai,1942,14.11,1942
2436,1942-06-01,Global,0.05,Juin,1942,14.05,1942
2437,1942-07-01,Global,0.01,Juillet,1942,14.01,1942
2438,1942-08-01,Global,-0.04,Août,1942,13.96,1942
2439,1942-09-01,Global,-0.03,Septembre,1942,13.97,1942
2440,1942-10-01,Global,0.02,Octobre,1942,14.02,1942
2441,1942-11-01,Global,0.1,Novembre,1942,14.1,1942
2442,1942-12-01,Global,0.13,Décembre,1942,14.13,1942
2483,1943-01-01,Global,-0.01,Janvier,1943,13.99,1943
2484,1943-02-01,Global,0.18,Février,1943,14.18,1943
2485,1943-03-01,Global,-0.03,Mars,1943,13.97,1943
2486,1943-04-01,Global,0.11,Avril,1943,14.11,1943
2487,1943-05-01,Global,0.07,Mai,1943,14.07,1943
2488,1943-06-01,Global,-0.05,Juin,1943,13.95,1943
2489,1943-07-01,Global,0.09,Juillet,1943,14.09,1943
2490,1943-08-01,Global,0.01,Août,1943,14.01,1943
2491,1943-09-01,Global,0.05,Septembre,1943,14.05,1943
2492,1943-10-01,Global,0.23,Octobre,1943,14.23,1943
2493,1943-11-01,Global,0.2,Novembre,1943,14.2,1943
2494,1943-12-01,Global,0.24,Décembre,1943,14.24,1943
2522,1944-01-01,Global,0.36,Janvier,1944,14.36,1944
2523,1944-02-01,Global,0.25,Février,1944,14.25,1944
2524,1944-03-01,Global,0.26,Mars,1944,14.26,1944
2525,1944-04-01,Global,0.2,Avril,1944,14.2,1944
2526,1944-05-01,Global,0.19,Mai,1944,14.19,1944
2527,1944-06-01,Global,0.16,Juin,1944,14.16,1944
2528,1944-07-01,Global,0.18,Juillet,1944,14.18,1944
2529,1944-08-01,Global,0.18,Août,1944,14.18,1944
2530,1944-09-01,Global,0.28,Septembre,1944,14.28,1944
2531,1944-10-01,Global,0.26,Octobre,1944,14.26,1944
2532,1944-11-01,Global,0.11,Novembre,1944,14.11,1944
2533,1944-12-01,Global,0.04,Décembre,1944,14.04,1944
2561,1945-01-01,Global,0.1,Janvier,1945,14.1,1945
2562,1945-02-01,Global,0.01,Février,1945,14.01,1945
2563,1945-03-01,Global,0.06,Mars,1945,14.06,1945
2564,1945-04-01,Global,0.2,Avril,1945,14.2,1945
2565,1945-05-01,Global,0.06,Mai,1945,14.06,1945
2566,1945-06-01,Global,0.01,Juin,1945,14.01,1945
2567,1945-07-01,Global,0.04,Juillet,1945,14.04,1945
2568,1945-08-01,Global,0.26,Août,1945,14.26,1945
2569,1945-09-01,Global,0.2,Septembre,1945,14.2,1945
2570,1945-10-01,Global,0.19,Octobre,1945,14.19,1945
2571,1945-11-01,Global,0.07,Novembre,1945,14.07,1945
2572,1945-12-01,Global,-0.07,Décembre,1945,13.93,1945
2600,1946-01-01,Global,0.15,Janvier,1946,14.15,1946
2601,1946-02-01,Global,0.03,Février,1946,14.03,1946
2602,1946-03-01,Global,0.01,Mars,1946,14.01,1946
2603,1946-04-01,Global,0.06,Avril,1946,14.06,1946
2604,1946-05-01,Global,-0.07,Mai,1946,13.93,1946
2605,1946-06-01,Global,-0.21,Juin,1946,13.79,1946
2606,1946-07-01,Global,-0.12,Juillet,1946,13.88,1946
2607,1946-08-01,Global,-0.2,Août,1946,13.8,1946
2608,1946-09-01,Global,-0.08,Septembre,1946,13.92,1946
2609,1946-10-01,Global,-0.08,Octobre,1946,13.92,1946
2610,1946-11-01,Global,-0.05,Novembre,1946,13.95,1946
2611,1946-12-01,Global,-0.31,Décembre,1946,13.69,1946
2626,1947-01-01,Global,-0.06,Janvier,1947,13.94,1947
2627,1947-02-01,Global,-0.08,Février,1947,13.92,1947
2628,1947-03-01,Global,0.06,Mars,1947,14.06,1947
2629,1947-04-01,Global,0.06,Avril,1947,14.06,1947
2630,1947-05-01,Global,-0.01,Mai,1947,13.99,1947
2631,1947-06-01,Global,-0.02,Juin,1947,13.98,1947
2632,1947-07-01,Global,-0.04,Juillet,1947,13.96,1947
2633,1947-08-01,Global,-0.07,Août,1947,13.93,1947
2634,1947-09-01,Global,-0.12,Septembre,1947,13.88,1947
2635,1947-10-01,Global,0.07,Octobre,1947,14.07,1947
2636,1947-11-01,Global,0.03,Novembre,1947,14.03,1947
2637,1947-12-01,Global,-0.13,Décembre,1947,13.87,1947
2652,1948-01-01,Global,0.07,Janvier,1948,14.07,1948
2653,1948-02-01,Global,-0.14,Février,1948,13.86,1948
2654,1948-03-01,Global,-0.24,Mars,1948,13.76,1948
2655,1948-04-01,Global,-0.12,Avril,1948,13.88,1948
2656,1948-05-01,Global,0.0,Mai,1948,14.0,1948
2657,1948-06-01,Global,-0.05,Juin,1948,13.95,1948
2658,1948-07-01,Global,-0.11,Juillet,1948,13.89,1948
2659,1948-08-01,Global,-0.12,Août,1948,13.88,1948
2660,1948-09-01,Global,-0.14,Septembre,1948,13.86,1948
2661,1948-10-01,Global,-0.05,Octobre,1948,13.95,1948
2662,1948-11-01,Global,-0.12,Novembre,1948,13.88,1948
2663,1948-12-01,Global,-0.23,Décembre,1948,13.77,1948
2691,1949-01-01,Global,0.07,Janvier,1949,14.07,1949
2692,1949-02-01,Global,-0.14,Février,1949,13.86,1949
2693,1949-03-01,Global,-0.02,Mars,1949,13.98,1949
2694,1949-04-01,Global,-0.11,Avril,1949,13.89,1949
2695,1949-05-01,Global,-0.1,Mai,1949,13.9,1949
2696,1949-06-01,Global,-0.27,Juin,1949,13.73,1949
2697,1949-07-01,Global,-0.13,Juillet,1949,13.87,1949
2698,1949-08-01,Global,-0.13,Août,1949,13.87,1949
2699,1949-09-01,Global,-0.15,Septembre,1949,13.85,1949
2700,1949-10-01,Global,-0.06,Octobre,1949,13.94,1949
2701,1949-11-01,Global,-0.1,Novembre,1949,13.9,1949
2702,1949-12-01,Global,-0.18,Décembre,1949,13.82,1949
2730,1950-01-01,Global,-0.26,Janvier,1950,13.74,1950
2731,1950-02-01,Global,-0.27,Février,1950,13.73,1950
2732,1950-03-01,Global,-0.08,Mars,1950,13.92,1950
2733,1950-04-01,Global,-0.21,Avril,1950,13.79,1950
2734,1950-05-01,Global,-0.11,Mai,1950,13.89,1950
2735,1950-06-01,Global,-0.05,Juin,1950,13.95,1950
2736,1950-07-01,Global,-0.08,Juillet,1950,13.92,1950
2737,1950-08-01,Global,-0.16,Août,1950,13.84,1950
2738,1950-09-01,Global,-0.11,Septembre,1950,13.89,1950
2739,1950-10-01,Global,-0.2,Octobre,1950,13.8,1950
2740,1950-11-01,Global,-0.34,Novembre,1950,13.66,1950
2741,1950-12-01,Global,-0.21,Décembre,1950,13.79,1950
2795,1951-01-01,Global,-0.34,Janvier,1951,13.66,1951
2796,1951-02-01,Global,-0.41,Février,1951,13.59,1951
2797,1951-03-01,Global,-0.2,Mars,1951,13.8,1951
2798,1951-04-01,Global,-0.14,Avril,1951,13.86,1951
2799,1951-05-01,Global,0.0,Mai,1951,14.0,1951
2800,1951-06-01,Global,-0.06,Juin,1951,13.94,1951
2801,1951-07-01,Global,-0.01,Juillet,1951,13.99,1951
2802,1951-08-01,Global,0.06,Août,1951,14.06,1951
2803,1951-09-01,Global,0.05,Septembre,1951,14.05,1951
2804,1951-10-01,Global,0.08,Octobre,1951,14.08,1951
2805,1951-11-01,Global,-0.01,Novembre,1951,13.99,1951
2806,1951-12-01,Global,0.16,Décembre,1951,14.16,1951
2821,1952-01-01,Global,0.12,Janvier,1952,14.12,1952
2822,1952-02-01,Global,0.12,Février,1952,14.12,1952
2823,1952-03-01,Global,-0.08,Mars,1952,13.92,1952
2824,1952-04-01,Global,0.03,Avril,1952,14.03,1952
2825,1952-05-01,Global,-0.03,Mai,1952,13.97,1952
2826,1952-06-01,Global,-0.03,Juin,1952,13.97,1952
2827,1952-07-01,Global,0.05,Juillet,1952,14.05,1952
2828,1952-08-01,Global,0.05,Août,1952,14.05,1952
2829,1952-09-01,Global,0.07,Septembre,1952,14.07,1952
2830,1952-10-01,Global,0.0,Octobre,1952,14.0,1952
2831,1952-11-01,Global,-0.13,Novembre,1952,13.87,1952
2832,1952-12-01,Global,-0.01,Décembre,1952,13.99,1952
2860,1953-01-01,Global,0.08,Janvier,1953,14.08,1953
2861,1953-02-01,Global,0.15,Février,1953,14.15,1953
2862,1953-03-01,Global,0.11,Mars,1953,14.11,1953
2863,1953-04-01,Global,0.19,Avril,1953,14.19,1953
2864,1953-05-01,Global,0.12,Mai,1953,14.12,1953
2865,1953-06-01,Global,0.12,Juin,1953,14.12,1953
2866,1953-07-01,Global,0.01,Juillet,1953,14.01,1953
2867,1953-08-01,Global,0.05,Août,1953,14.05,1953
2868,1953-09-01,Global,0.05,Septembre,1953,14.05,1953
2869,1953-10-01,Global,0.08,Octobre,1953,14.08,1953
2870,1953-11-01,Global,-0.02,Novembre,1953,13.98,1953
2871,1953-12-01,Global,0.05,Décembre,1953,14.05,1953
2899,1954-01-01,Global,-0.24,Janvier,1954,13.76,1954
2900,1954-02-01,Global,-0.1,Février,1954,13.9,1954
2901,1954-03-01,Global,-0.14,Mars,1954,13.86,1954
2902,1954-04-01,Global,-0.14,Avril,1954,13.86,1954
2903,1954-05-01,Global,-0.2,Mai,1954,13.8,1954
2904,1954-06-01,Global,-0.19,Juin,1954,13.81,1954
2905,1954-07-01,Global,-0.19,Juillet,1954,13.81,1954
2906,1954-08-01,Global,-0.17,Août,1954,13.83,1954
2907,1954-09-01,Global,-0.1,Septembre,1954,13.9,1954
2908,1954-10-01,Global,-0.02,Octobre,1954,13.98,1954
2909,1954-11-01,Global,0.08,Novembre,1954,14.08,1954
2910,1954-12-01,Global,-0.18,Décembre,1954,13.82,1954
2938,1955-01-01,Global,0.13,Janvier,1955,14.13,1955
2939,1955-02-01,Global,-0.16,Février,1955,13.84,1955
2940,1955-03-01,Global,-0.32,Mars,1955,13.68,1955
2941,1955-04-01,Global,-0.22,Avril,1955,13.78,1955
2942,1955-05-01,Global,-0.2,Mai,1955,13.8,1955
2943,1955-06-01,Global,-0.14,Juin,1955,13.86,1955
2944,1955-07-01,Global,-0.11,Juillet,1955,13.89,1955
2945,1955-08-01,Global,0.02,Août,1955,14.02,1955
2946,1955-09-01,Global,-0.11,Septembre,1955,13.89,1955
2947,1955-10-01,Global,-0.05,Octobre,1955,13.95,1955
2948,1955-11-01,Global,-0.25,Novembre,1955,13.75,1955
2949,1955-12-01,Global,-0.28,Décembre,1955,13.72,1955
2964,1956-01-01,Global,-0.13,Janvier,1956,13.87,1956
2965,1956-02-01,Global,-0.24,Février,1956,13.76,1956
2966,1956-03-01,Global,-0.21,Mars,1956,13.79,1956
2967,1956-04-01,Global,-0.28,Avril,1956,13.72,1956
2968,1956-05-01,Global,-0.29,Mai,1956,13.71,1956
2969,1956-06-01,Global,-0.16,Juin,1956,13.84,1956
2970,1956-07-01,Global,-0.09,Juillet,1956,13.91,1956
2971,1956-08-01,Global,-0.26,Août,1956,13.74,1956
2972,1956-09-01,Global,-0.19,Septembre,1956,13.81,1956
2973,1956-10-01,Global,-0.23,Octobre,1956,13.77,1956
2974,1956-11-01,Global,-0.15,Novembre,1956,13.85,1956
2975,1956-12-01,Global,-0.06,Décembre,1956,13.94,1956
3029,1957-01-01,Global,-0.09,Janvier,1957,13.91,1957
3030,1957-02-01,Global,-0.03,Février,1957,13.97,1957
3031,1957-03-01,Global,-0.05,Mars,1957,13.95,1957
3032,1957-04-01,Global,0.0,Avril,1957,14.0,1957
3033,1957-05-01,Global,0.09,Mai,1957,14.09,1957
3034,1957-06-01,Global,0.16,Juin,1957,14.16,1957
3035,1957-07-01,Global,0.02,Juillet,1957,14.02,1957
3036,1957-08-01,Global,0.15,Août,1957,14.15,1957
3037,1957-09-01,Global,0.09,Septembre,1957,14.09,1957
3038,1957-10-01,Global,0.01,Octobre,1957,14.01,1957
3039,1957-11-01,Global,0.08,Novembre,1957,14.08,1957
3040,1957-12-01,Global,0.15,Décembre,1957,14.15,1957
3068,1958-01-01,Global,0.39,Janvier,1958,14.39,1958
3069,1958-02-01,Global,0.22,Février,1958,14.22,1958
3070,1958-03-01,Global,0.08,Mars,1958,14.08,1958
3071,1958-04-01,Global,0.01,Avril,1958,14.01,1958
3072,1958-05-01,Global,0.06,Mai,1958,14.06,1958
3073,1958-06-01,Global,-0.08,Juin,1958,13.92,1958
3074,1958-07-01,Global,0.05,Juillet,1958,14.05,1958
3075,1958-08-01,Global,-0.05,Août,1958,13.95,1958
3076,1958-09-01,Global,-0.02,Septembre,1958,13.98,1958
3077,1958-10-01,Global,0.04,Octobre,1958,14.04,1958
3078,1958-11-01,Global,0.02,Novembre,1958,14.02,1958
3079,1958-12-01,Global,0.01,Décembre,1958,14.01,1958
3107,1959-01-01,Global,0.08,Janvier,1959,14.08,1959
3108,1959-02-01,Global,0.07,Février,1959,14.07,1959
3109,1959-03-01,Global,0.18,Mars,1959,14.18,1959
3110,1959-04-01,Global,0.16,Avril,1959,14.16,1959
3111,1959-05-01,Global,0.04,Mai,1959,14.04,1959
3112,1959-06-01,Global,0.03,Juin,1959,14.03,1959
3113,1959-07-01,Global,0.03,Juillet,1959,14.03,1959
3114,1959-08-01,Global,-0.01,Août,1959,13.99,1959
3115,1959-09-01,Global,-0.06,Septembre,1959,13.94,1959
3116,1959-10-01,Global,-0.07,Octobre,1959,13.93,1959
3117,1959-11-01,Global,-0.08,Novembre,1959,13.92,1959
3118,1959-12-01,Global,0.0,Décembre,1959,14.0,1959
3133,1960-01-01,Global,0.0,Janvier,1960,14.0,1960
3134,1960-02-01,Global,0.13,Février,1960,14.13,1960
3135,1960-03-01,Global,-0.35,Mars,1960,13.65,1960
3136,1960-04-01,Global,-0.15,Avril,1960,13.85,1960
3137,1960-05-01,Global,-0.08,Mai,1960,13.92,1960
3138,1960-06-01,Global,-0.04,Juin,1960,13.96,1960
3139,1960-07-01,Global,-0.04,Juillet,1960,13.96,1960
3140,1960-08-01,Global,0.02,Août,1960,14.02,1960
3141,1960-09-01,Global,0.07,Septembre,1960,14.07,1960
3142,1960-10-01,Global,0.06,Octobre,1960,14.06,1960
3143,1960-11-01,Global,-0.11,Novembre,1960,13.89,1960
3144,1960-12-01,Global,0.19,Décembre,1960,14.19,1960
3159,1961-01-01,Global,0.07,Janvier,1961,14.07,1961
3160,1961-02-01,Global,0.19,Février,1961,14.19,1961
3161,1961-03-01,Global,0.09,Mars,1961,14.09,1961
3162,1961-04-01,Global,0.13,Avril,1961,14.13,1961
3163,1961-05-01,Global,0.12,Mai,1961,14.12,1961
3164,1961-06-01,Global,0.11,Juin,1961,14.11,1961
3165,1961-07-01,Global,0.01,Juillet,1961,14.01,1961
3166,1961-08-01,Global,0.01,Août,1961,14.01,1961
3167,1961-09-01,Global,0.09,Septembre,1961,14.09,1961
3168,1961-10-01,Global,0.0,Octobre,1961,14.0,1961
3169,1961-11-01,Global,0.03,Novembre,1961,14.03,1961
3170,1961-12-01,Global,-0.16,Décembre,1961,13.84,1961
3198,1962-01-01,Global,0.05,Janvier,1962,14.05,1962
3199,1962-02-01,Global,0.15,Février,1962,14.15,1962
3200,1962-03-01,Global,0.1,Mars,1962,14.1,1962
3201,1962-04-01,Global,0.05,Avril,1962,14.05,1962
3202,1962-05-01,Global,-0.06,Mai,1962,13.94,1962
3203,1962-06-01,Global,0.03,Juin,1962,14.03,1962
3204,1962-07-01,Global,0.02,Juillet,1962,14.02,1962
3205,1962-08-01,Global,-0.01,Août,1962,13.99,1962
3206,1962-09-01,Global,0.0,Septembre,1962,14.0,1962
3207,1962-10-01,Global,0.01,Octobre,1962,14.01,1962
3208,1962-11-01,Global,0.06,Novembre,1962,14.06,1962
3209,1962-12-01,Global,-0.02,Décembre,1962,13.98,1962
3237,1963-01-01,Global,-0.03,Janvier,1963,13.97,1963
3238,1963-02-01,Global,0.18,Février,1963,14.18,1963
3239,1963-03-01,Global,-0.14,Mars,1963,13.86,1963
3240,1963-04-01,Global,-0.07,Avril,1963,13.93,1963
3241,1963-05-01,Global,-0.06,Mai,1963,13.94,1963
3242,1963-06-01,Global,0.05,Juin,1963,14.05,1963
3243,1963-07-01,Global,0.06,Juillet,1963,14.06,1963
3244,1963-08-01,Global,0.22,Août,1963,14.22,1963
3245,1963-09-01,Global,0.18,Septembre,1963,14.18,1963
3246,1963-10-01,Global,0.15,Octobre,1963,14.15,1963
3247,1963-11-01,Global,0.15,Novembre,1963,14.15,1963
3248,1963-12-01,Global,-0.03,Décembre,1963,13.97,1963
3276,1964-01-01,Global,-0.09,Janvier,1964,13.91,1964
3277,1964-02-01,Global,-0.1,Février,1964,13.9,1964
3278,1964-03-01,Global,-0.21,Mars,1964,13.79,1964
3279,1964-04-01,Global,-0.32,Avril,1964,13.68,1964
3280,1964-05-01,Global,-0.25,Mai,1964,13.75,1964
3281,1964-06-01,Global,-0.04,Juin,1964,13.96,1964
3282,1964-07-01,Global,-0.04,Juillet,1964,13.96,1964
3283,1964-08-01,Global,-0.22,Août,1964,13.78,1964
3284,1964-09-01,Global,-0.29,Septembre,1964,13.71,1964
3285,1964-10-01,Global,-0.32,Octobre,1964,13.68,1964
3286,1964-11-01,Global,-0.21,Novembre,1964,13.79,1964
3287,1964-12-01,Global,-0.3,Décembre,1964,13.7,1964
3341,1965-01-01,Global,-0.08,Janvier,1965,13.92,1965
3342,1965-02-01,Global,-0.17,Février,1965,13.83,1965
3343,1965-03-01,Global,-0.13,Mars,1965,13.87,1965
3344,1965-04-01,Global,-0.19,Avril,1965,13.81,1965
3345,1965-05-01,Global,-0.12,Mai,1965,13.88,1965
3346,1965-06-01,Global,-0.08,Juin,1965,13.92,1965
3347,1965-07-01,Global,-0.13,Juillet,1965,13.87,1965
3348,1965-08-01,Global,-0.04,Août,1965,13.96,1965
3349,1965-09-01,Global,-0.15,Septembre,1965,13.85,1965
3350,1965-10-01,Global,-0.05,Octobre,1965,13.95,1965
3351,1965-11-01,Global,-0.06,Novembre,1965,13.94,1965
3352,1965-12-01,Global,-0.08,Décembre,1965,13.92,1965
3367,1966-01-01,Global,-0.19,Janvier,1966,13.81,1966
3368,1966-02-01,Global,-0.04,Février,1966,13.96,1966
3369,1966-03-01,Global,0.03,Mars,1966,14.03,1966
3370,1966-04-01,Global,-0.13,Avril,1966,13.87,1966
3371,1966-05-01,Global,-0.12,Mai,1966,13.88,1966
3372,1966-06-01,Global,0.01,Juin,1966,14.01,1966
3373,1966-07-01,Global,0.08,Juillet,1966,14.08,1966
3374,1966-08-01,Global,-0.09,Août,1966,13.91,1966
3375,1966-09-01,Global,-0.03,Septembre,1966,13.97,1966
3376,1966-10-01,Global,-0.17,Octobre,1966,13.83,1966
3377,1966-11-01,Global,-0.01,Novembre,1966,13.99,1966
3378,1966-12-01,Global,-0.03,Décembre,1966,13.97,1966
3406,1967-01-01,Global,-0.07,Janvier,1967,13.93,1967
3407,1967-02-01,Global,-0.21,Février,1967,13.79,1967
3408,1967-03-01,Global,0.05,Mars,1967,14.05,1967
3409,1967-04-01,Global,-0.05,Avril,1967,13.95,1967
3410,1967-05-01,Global,0.12,Mai,1967,14.12,1967
3411,1967-06-01,Global,-0.08,Juin,1967,13.92,1967
3412,1967-07-01,Global,0.02,Juillet,1967,14.02,1967
3413,1967-08-01,Global,0.01,Août,1967,14.01,1967
3414,1967-09-01,Global,-0.06,Septembre,1967,13.94,1967
3415,1967-10-01,Global,0.09,Octobre,1967,14.09,1967
3416,1967-11-01,Global,-0.05,Novembre,1967,13.95,1967
3417,1967-12-01,Global,-0.05,Décembre,1967,13.95,1967
3445,1968-01-01,Global,-0.25,Janvier,1968,13.75,1968
3446,1968-02-01,Global,-0.14,Février,1968,13.86,1968
3447,1968-03-01,Global,0.2,Mars,1968,14.2,1968
3448,1968-04-01,Global,-0.06,Avril,1968,13.94,1968
3449,1968-05-01,Global,-0.14,Mai,1968,13.86,1968
3450,1968-06-01,Global,-0.09,Juin,1968,13.91,1968
3451,1968-07-01,Global,-0.13,Juillet,1968,13.87,1968
3452,1968-08-01,Global,-0.09,Août,1968,13.91,1968
3453,1968-09-01,Global,-0.19,Septembre,1968,13.81,1968
3454,1968-10-01,Global,0.09,Octobre,1968,14.09,1968
3455,1968-11-01,Global,-0.05,Novembre,1968,13.95,1968
3456,1968-12-01,Global,-0.15,Décembre,1968,13.85,1968
3471,1969-01-01,Global,-0.11,Janvier,1969,13.89,1969
3472,1969-02-01,Global,-0.18,Février,1969,13.82,1969
3473,1969-03-01,Global,0.0,Mars,1969,14.0,1969
3474,1969-04-01,Global,0.17,Avril,1969,14.17,1969
3475,1969-05-01,Global,0.18,Mai,1969,14.18,1969
3476,1969-06-01,Global,0.03,Juin,1969,14.03,1969
3477,1969-07-01,Global,-0.04,Juillet,1969,13.96,1969
3478,1969-08-01,Global,0.03,Août,1969,14.03,1969
3479,1969-09-01,Global,0.08,Septembre,1969,14.08,1969
3480,1969-10-01,Global,0.09,Octobre,1969,14.09,1969
3481,1969-11-01,Global,0.12,Novembre,1969,14.12,1969
3482,1969-12-01,Global,0.24,Décembre,1969,14.24,1969
3536,1970-01-01,Global,0.08,Janvier,1970,14.08,1970
3537,1970-02-01,Global,0.22,Février,1970,14.22,1970
3538,1970-03-01,Global,0.06,Mars,1970,14.06,1970
3539,1970-04-01,Global,0.05,Avril,1970,14.05,1970
3540,1970-05-01,Global,-0.04,Mai,1970,13.96,1970
3541,1970-06-01,Global,-0.03,Juin,1970,13.97,1970
3542,1970-07-01,Global,0.01,Juillet,1970,14.01,1970
3543,1970-08-01,Global,-0.1,Août,1970,13.9,1970
3544,1970-09-01,Global,0.12,Septembre,1970,14.12,1970
3545,1970-10-01,Global,0.03,Octobre,1970,14.03,1970
3546,1970-11-01,Global,0.02,Novembre,1970,14.02,1970
3547,1970-12-01,Global,-0.12,Décembre,1970,13.88,1970
3575,1971-01-01,Global,-0.03,Janvier,1971,13.97,1971
3576,1971-02-01,Global,-0.16,Février,1971,13.84,1971
3577,1971-03-01,Global,-0.18,Mars,1971,13.82,1971
3578,1971-04-01,Global,-0.07,Avril,1971,13.93,1971
3579,1971-05-01,Global,-0.05,Mai,1971,13.95,1971
3580,1971-06-01,Global,-0.17,Juin,1971,13.83,1971
3581,1971-07-01,Global,-0.08,Juillet,1971,13.92,1971
3582,1971-08-01,Global,-0.01,Août,1971,13.99,1971
3583,1971-09-01,Global,-0.06,Septembre,1971,13.94,1971
3584,1971-10-01,Global,-0.04,Octobre,1971,13.96,1971
3585,1971-11-01,Global,-0.07,Novembre,1971,13.93,1971
3586,1971-12-01,Global,-0.09,Décembre,1971,13.91,1971
3614,1972-01-01,Global,-0.22,Janvier,1972,13.78,1972
3615,1972-02-01,Global,-0.18,Février,1972,13.82,1972
3616,1972-03-01,Global,0.02,Mars,1972,14.02,1972
3617,1972-04-01,Global,0.0,Avril,1972,14.0,1972
3618,1972-05-01,Global,-0.03,Mai,1972,13.97,1972
3619,1972-06-01,Global,0.04,Juin,1972,14.04,1972
3620,1972-07-01,Global,0.01,Juillet,1972,14.01,1972
3621,1972-08-01,Global,0.16,Août,1972,14.16,1972
3622,1972-09-01,Global,0.02,Septembre,1972,14.02,1972
3623,1972-10-01,Global,0.08,Octobre,1972,14.08,1972
3624,1972-11-01,Global,0.02,Novembre,1972,14.02,1972
3625,1972-12-01,Global,0.18,Décembre,1972,14.18,1972
3653,1973-01-01,Global,0.29,Janvier,1973,14.29,1973
3654,1973-02-01,Global,0.32,Février,1973,14.32,1973
3655,1973-03-01,Global,0.29,Mars,1973,14.29,1973
3656,1973-04-01,Global,0.27,Avril,1973,14.27,1973
3657,1973-05-01,Global,0.22,Mai,1973,14.22,1973
3658,1973-06-01,Global,0.19,Juin,1973,14.19,1973
3659,1973-07-01,Global,0.12,Juillet,1973,14.12,1973
3660,1973-08-01,Global,0.05,Août,1973,14.05,1973
3661,1973-09-01,Global,0.09,Septembre,1973,14.09,1973
3662,1973-10-01,Global,0.1,Octobre,1973,14.1,1973
3663,1973-11-01,Global,0.05,Novembre,1973,14.05,1973
3664,1973-12-01,Global,-0.07,Décembre,1973,13.93,1973
3679,1974-01-01,Global,-0.1,Janvier,1974,13.9,1974
3680,1974-02-01,Global,-0.27,Février,1974,13.73,1974
3681,1974-03-01,Global,-0.05,Mars,1974,13.95,1974
3682,1974-04-01,Global,-0.12,Avril,1974,13.88,1974
3683,1974-05-01,Global,-0.04,Mai,1974,13.96,1974
3684,1974-06-01,Global,-0.05,Juin,1974,13.95,1974
3685,1974-07-01,Global,-0.03,Juillet,1974,13.97,1974
3686,1974-08-01,Global,0.1,Août,1974,14.1,1974
3687,1974-09-01,Global,-0.08,Septembre,1974,13.92,1974
3688,1974-10-01,Global,-0.06,Octobre,1974,13.94,1974
3689,1974-11-01,Global,-0.08,Novembre,1974,13.92,1974
3690,1974-12-01,Global,-0.08,Décembre,1974,13.92,1974
3705,1975-01-01,Global,0.1,Janvier,1975,14.1,1975
3706,1975-02-01,Global,0.08,Février,1975,14.08,1975
3707,1975-03-01,Global,0.13,Mars,1975,14.13,1975
3708,1975-04-01,Global,0.04,Avril,1975,14.04,1975
3709,1975-05-01,Global,0.16,Mai,1975,14.16,1975
3710,1975-06-01,Global,-0.01,Juin,1975,13.99,1975
3711,1975-07-01,Global,0.0,Juillet,1975,14.0,1975
3712,1975-08-01,Global,-0.17,Août,1975,13.83,1975
3713,1975-09-01,Global,-0.03,Septembre,1975,13.97,1975
3714,1975-10-01,Global,-0.11,Octobre,1975,13.89,1975
3715,1975-11-01,Global,-0.17,Novembre,1975,13.83,1975
3716,1975-12-01,Global,-0.17,Décembre,1975,13.83,1975
3744,1976-01-01,Global,-0.03,Janvier,1976,13.97,1976
3745,1976-02-01,Global,-0.06,Février,1976,13.94,1976
3746,1976-03-01,Global,-0.21,Mars,1976,13.79,1976
3747,1976-04-01,Global,-0.07,Avril,1976,13.93,1976
3748,1976-05-01,Global,-0.21,Mai,1976,13.79,1976
3749,1976-06-01,Global,-0.12,Juin,1976,13.88,1976
3750,1976-07-01,Global,-0.1,Juillet,1976,13.9,1976
3751,1976-08-01,Global,-0.12,Août,1976,13.88,1976
3752,1976-09-01,Global,-0.07,Septembre,1976,13.93,1976
3753,1976-10-01,Global,-0.24,Octobre,1976,13.76,1976
3754,1976-11-01,Global,-0.06,Novembre,1976,13.94,1976
3755,1976-12-01,Global,0.11,Décembre,1976,14.11,1976
3783,1977-01-01,Global,0.18,Janvier,1977,14.18,1977
3784,1977-02-01,Global,0.22,Février,1977,14.22,1977
3785,1977-03-01,Global,0.24,Mars,1977,14.24,1977
3786,1977-04-01,Global,0.26,Avril,1977,14.26,1977
3787,1977-05-01,Global,0.33,Mai,1977,14.33,1977
3788,1977-06-01,Global,0.27,Juin,1977,14.27,1977
3789,1977-07-01,Global,0.2,Juillet,1977,14.2,1977
3790,1977-08-01,Global,0.18,Août,1977,14.18,1977
3791,1977-09-01,Global,0.02,Septembre,1977,14.02,1977
3792,1977-10-01,Global,0.03,Octobre,1977,14.03,1977
3793,1977-11-01,Global,0.16,Novembre,1977,14.16,1977
3794,1977-12-01,Global,0.03,Décembre,1977,14.03,1977
3822,1978-01-01,Global,0.06,Janvier,1978,14.06,1978
3823,1978-02-01,Global,0.1,Février,1978,14.1,1978
3824,1978-03-01,Global,0.19,Mars,1978,14.19,1978
3825,1978-04-01,Global,0.17,Avril,1978,14.17,1978
3826,1978-05-01,Global,0.09,Mai,1978,14.09,1978
3827,1978-06-01,Global,-0.01,Juin,1978,13.99,1978
3828,1978-07-01,Global,0.04,Juillet,1978,14.04,1978
3829,1978-08-01,Global,-0.13,Août,1978,13.87,1978
3830,1978-09-01,Global,0.06,Septembre,1978,14.06,1978
3831,1978-10-01,Global,0.03,Octobre,1978,14.03,1978
3832,1978-11-01,Global,0.14,Novembre,1978,14.14,1978
3833,1978-12-01,Global,0.08,Décembre,1978,14.08,1978
3874,1979-01-01,Global,0.08,Janvier,1979,14.08,1979
3875,1979-02-01,Global,-0.1,Février,1979,13.9,1979
3876,1979-03-01,Global,0.19,Mars,1979,14.19,1979
3877,1979-04-01,Global,0.15,Avril,1979,14.15,1979
3878,1979-05-01,Global,0.04,Mai,1979,14.04,1979
3879,1979-06-01,Global,0.14,Juin,1979,14.14,1979
3880,1979-07-01,Global,0.04,Juillet,1979,14.04,1979
3881,1979-08-01,Global,0.17,Août,1979,14.17,1979
3882,1979-09-01,Global,0.25,Septembre,1979,14.25,1979
3883,1979-10-01,Global,0.26,Octobre,1979,14.26,1979
3884,1979-11-01,Global,0.28,Novembre,1979,14.28,1979
3885,1979-12-01,Global,0.48,Décembre,1979,14.48,1979
3913,1980-01-01,Global,0.3,Janvier,1980,14.3,1980
3914,1980-02-01,Global,0.39,Février,1980,14.39,1980
3915,1980-03-01,Global,0.3,Mars,1980,14.3,1980
3916,1980-04-01,Global,0.3,Avril,1980,14.3,1980
3917,1980-05-01,Global,0.35,Mai,1980,14.35,1980
3918,1980-06-01,Global,0.2,Juin,1980,14.2,1980
3919,1980-07-01,Global,0.22,Juillet,1980,14.22,1980
3920,1980-08-01,Global,0.18,Août,1980,14.18,1980
3921,1980-09-01,Global,0.2,Septembre,1980,14.2,1980
3922,1980-10-01,Global,0.13,Octobre,1980,14.13,1980
3923,1980-11-01,Global,0.29,Novembre,1980,14.29,1980
3924,1980-12-01,Global,0.21,Décembre,1980,14.21,1980
3952,1981-01-01,Global,0.53,Janvier,1981,14.53,1981
3953,1981-02-01,Global,0.42,Février,1981,14.42,1981
3954,1981-03-01,Global,0.48,Mars,1981,14.48,1981
3955,1981-04-01,Global,0.32,Avril,1981,14.32,1981
3956,1981-05-01,Global,0.25,Mai,1981,14.25,1981
3957,1981-06-01,Global,0.29,Juin,1981,14.29,1981
3958,1981-07-01,Global,0.32,Juillet,1981,14.32,1981
3959,1981-08-01,Global,0.35,Août,1981,14.35,1981
3960,1981-09-01,Global,0.15,Septembre,1981,14.15,1981
3961,1981-10-01,Global,0.12,Octobre,1981,14.12,1981
3962,1981-11-01,Global,0.23,Novembre,1981,14.23,1981
3963,1981-12-01,Global,0.41,Décembre,1981,14.41,1981
3991,1982-01-01,Global,0.05,Janvier,1982,14.05,1982
3992,1982-02-01,Global,0.16,Février,1982,14.16,1982
3993,1982-03-01,Global,0.03,Mars,1982,14.03,1982
3994,1982-04-01,Global,0.15,Avril,1982,14.15,1982
3995,1982-05-01,Global,0.18,Mai,1982,14.18,1982
3996,1982-06-01,Global,0.06,Juin,1982,14.06,1982
3997,1982-07-01,Global,0.14,Juillet,1982,14.14,1982
3998,1982-08-01,Global,0.04,Août,1982,14.04,1982
3999,1982-09-01,Global,0.14,Septembre,1982,14.14,1982
4000,1982-10-01,Global,0.13,Octobre,1982,14.13,1982
4001,1982-11-01,Global,0.18,Novembre,1982,14.18,1982
4002,1982-12-01,Global,0.42,Décembre,1982,14.42,1982
4017,1983-01-01,Global,0.53,Janvier,1983,14.53,1983
4018,1983-02-01,Global,0.43,Février,1983,14.43,1983
4019,1983-03-01,Global,0.42,Mars,1983,14.42,1983
4020,1983-04-01,Global,0.28,Avril,1983,14.28,1983
4021,1983-05-01,Global,0.34,Mai,1983,14.34,1983
4022,1983-06-01,Global,0.22,Juin,1983,14.22,1983
4023,1983-07-01,Global,0.18,Juillet,1983,14.18,1983
4024,1983-08-01,Global,0.35,Août,1983,14.35,1983
4025,1983-09-01,Global,0.37,Septembre,1983,14.37,1983
4026,1983-10-01,Global,0.17,Octobre,1983,14.17,1983
4027,1983-11-01,Global,0.3,Novembre,1983,14.3,1983
4028,1983-12-01,Global,0.16,Décembre,1983,14.16,1983
4082,1984-01-01,Global,0.31,Janvier,1984,14.31,1984
4083,1984-02-01,Global,0.14,Février,1984,14.14,1984
4084,1984-03-01,Global,0.26,Mars,1984,14.26,1984
4085,1984-04-01,Global,0.06,Avril,1984,14.06,1984
4086,1984-05-01,Global,0.32,Mai,1984,14.32,1984
4087,1984-06-01,Global,0.02,Juin,1984,14.02,1984
4088,1984-07-01,Global,0.19,Juillet,1984,14.19,1984
4089,1984-08-01,Global,0.19,Août,1984,14.19,1984
4090,1984-09-01,Global,0.21,Septembre,1984,14.21,1984
4091,1984-10-01,Global,0.13,Octobre,1984,14.13,1984
4092,1984-11-01,Global,0.07,Novembre,1984,14.07,1984
4093,1984-12-01,Global,-0.04,Décembre,1984,13.96,1984
4121,1985-01-01,Global,0.22,Janvier,1985,14.22,1985
4122,1985-02-01,Global,-0.04,Février,1985,13.96,1985
4123,1985-03-01,Global,0.17,Mars,1985,14.17,1985
4124,1985-04-01,Global,0.12,Avril,1985,14.12,1985
4125,1985-05-01,Global,0.14,Mai,1985,14.14,1985
4126,1985-06-01,Global,0.15,Juin,1985,14.15,1985
4127,1985-07-01,Global,0.04,Juillet,1985,14.04,1985
4128,1985-08-01,Global,0.17,Août,1985,14.17,1985
4129,1985-09-01,Global,0.13,Septembre,1985,14.13,1985
4130,1985-10-01,Global,0.11,Octobre,1985,14.11,1985
4131,1985-11-01,Global,0.05,Novembre,1985,14.05,1985
4132,1985-12-01,Global,0.14,Décembre,1985,14.14,1985
4160,1986-01-01,Global,0.26,Janvier,1986,14.26,1986
4161,1986-02-01,Global,0.37,Février,1986,14.37,1986
4162,1986-03-01,Global,0.3,Mars,1986,14.3,1986
4163,1986-04-01,Global,0.22,Avril,1986,14.22,1986
4164,1986-05-01,Global,0.21,Mai,1986,14.21,1986
4165,1986-06-01,Global,0.12,Juin,1986,14.12,1986
4166,1986-07-01,Global,0.11,Juillet,1986,14.11,1986
4167,1986-08-01,Global,0.16,Août,1986,14.16,1986
4168,1986-09-01,Global,0.03,Septembre,1986,14.03,1986
4169,1986-10-01,Global,0.15,Octobre,1986,14.15,1986
4170,1986-11-01,Global,0.1,Novembre,1986,14.1,1986
4171,1986-12-01,Global,0.13,Décembre,1986,14.13,1986
4186,1987-01-01,Global,0.32,Janvier,1987,14.32,1987
4187,1987-02-01,Global,0.43,Février,1987,14.43,1987
4188,1987-03-01,Global,0.18,Mars,1987,14.18,1987
4189,1987-04-01,Global,0.24,Avril,1987,14.24,1987
4190,1987-05-01,Global,0.25,Mai,1987,14.25,1987
4191,1987-06-01,Global,0.34,Juin,1987,14.34,1987
4192,1987-07-01,Global,0.4,Juillet,1987,14.4,1987
4193,1987-08-01,Global,0.25,Août,1987,14.25,1987
4194,1987-09-01,Global,0.35,Septembre,1987,14.35,1987
4195,1987-10-01,Global,0.32,Octobre,1987,14.32,1987
4196,1987-11-01,Global,0.29,Novembre,1987,14.29,1987
4197,1987-12-01,Global,0.46,Décembre,1987,14.46,1987
4212,1988-01-01,Global,0.56,Janvier,1988,14.56,1988
4213,1988-02-01,Global,0.44,Février,1988,14.44,1988
4214,1988-03-01,Global,0.51,Mars,1988,14.51,1988
4215,1988-04-01,Global,0.42,Avril,1988,14.42,1988
4216,1988-05-01,Global,0.44,Mai,1988,14.44,1988
4217,1988-06-01,Global,0.4,Juin,1988,14.4,1988
4218,1988-07-01,Global,0.33,Juillet,1988,14.33,1988
4219,1988-08-01,Global,0.39,Août,1988,14.39,1988
4220,1988-09-01,Global,0.37,Septembre,1988,14.37,1988
4221,1988-10-01,Global,0.37,Octobre,1988,14.37,1988
4222,1988-11-01,Global,0.12,Novembre,1988,14.12,1988
4223,1988-12-01,Global,0.28,Décembre,1988,14.28,1988
4251,1989-01-01,Global,0.12,Janvier,1989,14.12,1989
4252,1989-02-01,Global,0.3,Février,1989,14.3,1989
4253,1989-03-01,Global,0.36,Mars,1989,14.36,1989
4254,1989-04-01,Global,0.29,Avril,1989,14.29,1989
4255,1989-05-01,Global,0.17,Mai,1989,14.17,1989
4256,1989-06-01,Global,0.16,Juin,1989,14.16,1989
4257,1989-07-01,Global,0.34,Juillet,1989,14.34,1989
4258,1989-08-01,Global,0.33,Août,1989,14.33,1989
4259,1989-09-01,Global,0.34,Septembre,1989,14.34,1989
4260,1989-10-01,Global,0.29,Octobre,1989,14.29,1989
4261,1989-11-01,Global,0.2,Novembre,1989,14.2,1989
4262,1989-12-01,Global,0.37,Décembre,1989,14.37,1989
4290,1990-01-01,Global,0.41,Janvier,1990,14.41,1990
4291,1990-02-01,Global,0.44,Février,1990,14.44,1990
4292,1990-03-01,Global,0.8,Mars,1990,14.8,1990
4293,1990-04-01,Global,0.56,Avril,1990,14.56,1990
4294,1990-05-01,Global,0.45,Mai,1990,14.45,1990
4295,1990-06-01,Global,0.37,Juin,1990,14.37,1990
4296,1990-07-01,Global,0.46,Juillet,1990,14.46,1990
4297,1990-08-01,Global,0.34,Août,1990,14.34,1990
4298,1990-09-01,Global,0.23,Septembre,1990,14.23,1990
4299,1990-10-01,Global,0.44,Octobre,1990,14.44,1990
4300,1990-11-01,Global,0.46,Novembre,1990,14.46,1990
4301,1990-12-01,Global,0.4,Décembre,1990,14.4,1990
4329,1991-01-01,Global,0.42,Janvier,1991,14.42,1991
4330,1991-02-01,Global,0.49,Février,1991,14.49,1991
4331,1991-03-01,Global,0.35,Mars,1991,14.35,1991
4332,1991-04-01,Global,0.51,Avril,1991,14.51,1991
4333,1991-05-01,Global,0.34,Mai,1991,14.34,1991
4334,1991-06-01,Global,0.53,Juin,1991,14.53,1991
4335,1991-07-01,Global,0.47,Juillet,1991,14.47,1991
4336,1991-08-01,Global,0.39,Août,1991,14.39,1991
4337,1991-09-01,Global,0.44,Septembre,1991,14.44,1991
4338,1991-10-01,Global,0.29,Octobre,1991,14.29,1991
4339,1991-11-01,Global,0.29,Novembre,1991,14.29,1991
4340,1991-12-01,Global,0.32,Décembre,1991,14.32,1991
4394,1992-01-01,Global,0.47,Janvier,1992,14.47,1992
4395,1992-02-01,Global,0.4,Février,1992,14.4,1992
4396,1992-03-01,Global,0.48,Mars,1992,14.48,1992
4397,1992-04-01,Global,0.27,Avril,1992,14.27,1992
4398,1992-05-01,Global,0.31,Mai,1992,14.31,1992
4399,1992-06-01,Global,0.25,Juin,1992,14.25,1992
4400,1992-07-01,Global,0.08,Juillet,1992,14.08,1992
4401,1992-08-01,Global,0.08,Août,1992,14.08,1992
4402,1992-09-01,Global,-0.01,Septembre,1992,13.99,1992
4403,1992-10-01,Global,0.06,Octobre,1992,14.06,1992
4404,1992-11-01,Global,0.02,Novembre,1992,14.02,1992
4405,1992-12-01,Global,0.21,Décembre,1992,14.21,1992
4420,1993-01-01,Global,0.34,Janvier,1993,14.34,1993
4421,1993-02-01,Global,0.37,Février,1993,14.37,1993
4422,1993-03-01,Global,0.36,Mars,1993,14.36,1993
4423,1993-04-01,Global,0.27,Avril,1993,14.27,1993
4424,1993-05-01,Global,0.28,Mai,1993,14.28,1993
4425,1993-06-01,Global,0.23,Juin,1993,14.23,1993
4426,1993-07-01,Global,0.25,Juillet,1993,14.25,1993
4427,1993-08-01,Global,0.11,Août,1993,14.11,1993
4428,1993-09-01,Global,0.11,Septembre,1993,14.11,1993
4429,1993-10-01,Global,0.23,Octobre,1993,14.23,1993
4430,1993-11-01,Global,0.03,Novembre,1993,14.03,1993
4431,1993-12-01,Global,0.18,Décembre,1993,14.18,1993
4459,1994-01-01,Global,0.26,Janvier,1994,14.26,1994
4460,1994-02-01,Global,0.02,Février,1994,14.02,1994
4461,1994-03-01,Global,0.29,Mars,1994,14.29,1994
4462,1994-04-01,Global,0.41,Avril,1994,14.41,1994
4463,1994-05-01,Global,0.28,Mai,1994,14.28,1994
4464,1994-06-01,Global,0.43,Juin,1994,14.43,1994
4465,1994-07-01,Global,0.3,Juillet,1994,14.3,1994
4466,1994-08-01,Global,0.21,Août,1994,14.21,1994
4467,1994-09-01,Global,0.32,Septembre,1994,14.32,1994
4468,1994-10-01,Global,0.42,Octobre,1994,14.42,1994
4469,1994-11-01,Global,0.44,Novembre,1994,14.44,1994
4470,1994-12-01,Global,0.38,Décembre,1994,14.38,1994
4498,1995-01-01,Global,0.52,Janvier,1995,14.52,1995
4499,1995-02-01,Global,0.79,Février,1995,14.79,1995
4500,1995-03-01,Global,0.46,Mars,1995,14.46,1995
4501,1995-04-01,Global,0.47,Avril,1995,14.47,1995
4502,1995-05-01,Global,0.27,Mai,1995,14.27,1995
4503,1995-06-01,Global,0.43,Juin,1995,14.43,1995
4504,1995-07-01,Global,0.45,Juillet,1995,14.45,1995
4505,1995-08-01,Global,0.45,Août,1995,14.45,1995
4506,1995-09-01,Global,0.33,Septembre,1995,14.33,1995
4507,1995-10-01,Global,0.47,Octobre,1995,14.47,1995
4508,1995-11-01,Global,0.44,Novembre,1995,14.44,1995
4509,1995-12-01,Global,0.25,Décembre,1995,14.25,1995
4550,1996-01-01,Global,0.24,Janvier,1996,14.24,1996
4551,1996-02-01,Global,0.46,Février,1996,14.46,1996
4552,1996-03-01,Global,0.32,Mars,1996,14.32,1996
4553,1996-04-01,Global,0.32,Avril,1996,14.32,1996
4554,1996-05-01,Global,0.28,Mai,1996,14.28,1996
4555,1996-06-01,Global,0.25,Juin,1996,14.25,1996
4556,1996-07-01,Global,0.36,Juillet,1996,14.36,1996
4557,1996-08-01,Global,0.48,Août,1996,14.48,1996
4558,1996-09-01,Global,0.24,Septembre,1996,14.24,1996
4559,1996-10-01,Global,0.19,Octobre,1996,14.19,1996
4560,1996-11-01,Global,0.38,Novembre,1996,14.38,1996
4561,1996-12-01,Global,0.37,Décembre,1996,14.37,1996
4589,1997-01-01,Global,0.3,Janvier,1997,14.3,1997
4590,1997-02-01,Global,0.41,Février,1997,14.41,1997
4591,1997-03-01,Global,0.51,Mars,1997,14.51,1997
4592,1997-04-01,Global,0.34,Avril,1997,14.34,1997
4593,1997-05-01,Global,0.34,Mai,1997,14.34,1997
4594,1997-06-01,Global,0.54,Juin,1997,14.54,1997
4595,1997-07-01,Global,0.33,Juillet,1997,14.33,1997
4596,1997-08-01,Global,0.41,Août,1997,14.41,1997
4597,1997-09-01,Global,0.52,Septembre,1997,14.52,1997
4598,1997-10-01,Global,0.61,Octobre,1997,14.61,1997
4599,1997-11-01,Global,0.64,Novembre,1997,14.64,1997
4600,1997-12-01,Global,0.59,Décembre,1997,14.59,1997
4628,1998-01-01,Global,0.58,Janvier,1998,14.58,1998
4629,1998-02-01,Global,0.88,Février,1998,14.88,1998
4630,1998-03-01,Global,0.63,Mars,1998,14.63,1998
4631,1998-04-01,Global,0.63,Avril,1998,14.63,1998
4632,1998-05-01,Global,0.68,Mai,1998,14.68,1998
4633,1998-06-01,Global,0.77,Juin,1998,14.77,1998
4634,1998-07-01,Global,0.66,Juillet,1998,14.66,1998
4635,1998-08-01,Global,0.65,Août,1998,14.65,1998
4636,1998-09-01,Global,0.42,Septembre,1998,14.42,1998
4637,1998-10-01,Global,0.41,Octobre,1998,14.41,1998
4638,1998-11-01,Global,0.43,Novembre,1998,14.43,1998
4639,1998-12-01,Global,0.55,Décembre,1998,14.55,1998
4667,1999-01-01,Global,0.49,Janvier,1999,14.49,1999
4668,1999-02-01,Global,0.64,Février,1999,14.64,1999
4669,1999-03-01,Global,0.32,Mars,1999,14.32,1999
4670,1999-04-01,Global,0.31,Avril,1999,14.31,1999
4671,1999-05-01,Global,0.26,Mai,1999,14.26,1999
4672,1999-06-01,Global,0.36,Juin,1999,14.36,1999
4673,1999-07-01,Global,0.38,Juillet,1999,14.38,1999
4674,1999-08-01,Global,0.31,Août,1999,14.31,1999
4675,1999-09-01,Global,0.38,Septembre,1999,14.38,1999
4676,1999-10-01,Global,0.34,Octobre,1999,14.34,1999
4677,1999-11-01,Global,0.37,Novembre,1999,14.37,1999
4678,1999-12-01,Global,0.41,Décembre,1999,14.41,1999
4706,2000-01-01,Global,0.25,Janvier,2000,14.25,2000
4707,2000-02-01,Global,0.55,Février,2000,14.55,2000
4708,2000-03-01,Global,0.55,Mars,2000,14.55,2000
4709,2000-04-01,Global,0.56,Avril,2000,14.56,2000
4710,2000-05-01,Global,0.35,Mai,2000,14.35,2000
4711,2000-06-01,Global,0.39,Juin,2000,14.39,2000
4712,2000-07-01,Global,0.39,Juillet,2000,14.39,2000
4713,2000-08-01,Global,0.42,Août,2000,14.42,2000
4714,2000-09-01,Global,0.38,Septembre,2000,14.38,2000
4715,2000-10-01,Global,0.26,Octobre,2000,14.26,2000
4716,2000-11-01,Global,0.3,Novembre,2000,14.3,2000
4717,2000-12-01,Global,0.28,Décembre,2000,14.28,2000
4732,2001-01-01,Global,0.46,Janvier,2001,14.46,2001
4733,2001-02-01,Global,0.44,Février,2001,14.44,2001
4734,2001-03-01,Global,0.55,Mars,2001,14.55,2001
4735,2001-04-01,Global,0.5,Avril,2001,14.5,2001
4736,2001-05-01,Global,0.57,Mai,2001,14.57,2001
4737,2001-06-01,Global,0.51,Juin,2001,14.51,2001
4738,2001-07-01,Global,0.59,Juillet,2001,14.59,2001
4739,2001-08-01,Global,0.49,Août,2001,14.49,2001
4740,2001-09-01,Global,0.52,Septembre,2001,14.52,2001
4741,2001-10-01,Global,0.5,Octobre,2001,14.5,2001
4742,2001-11-01,Global,0.72,Novembre,2001,14.72,2001
4743,2001-12-01,Global,0.55,Décembre,2001,14.55,2001
4758,2002-01-01,Global,0.77,Janvier,2002,14.77,2002
4759,2002-02-01,Global,0.78,Février,2002,14.78,2002
4760,2002-03-01,Global,0.88,Mars,2002,14.88,2002
4761,2002-04-01,Global,0.58,Avril,2002,14.58,2002
4762,2002-05-01,Global,0.64,Mai,2002,14.64,2002
4763,2002-06-01,Global,0.52,Juin,2002,14.52,2002
4764,2002-07-01,Global,0.6,Juillet,2002,14.6,2002
4765,2002-08-01,Global,0.53,Août,2002,14.53,2002
4766,2002-09-01,Global,0.62,Septembre,2002,14.62,2002
4767,2002-10-01,Global,0.53,Octobre,2002,14.53,2002
4768,2002-11-01,Global,0.58,Novembre,2002,14.58,2002
4769,2002-12-01,Global,0.43,Décembre,2002,14.43,2002
4797,2003-01-01,Global,0.75,Janvier,2003,14.75,2003
4798,2003-02-01,Global,0.58,Février,2003,14.58,2003
4799,2003-03-01,Global,0.59,Mars,2003,14.59,2003
4800,2003-04-01,Global,0.55,Avril,2003,14.55,2003
4801,2003-05-01,Global,0.6,Mai,2003,14.6,2003
4802,2003-06-01,Global,0.47,Juin,2003,14.47,2003
4803,2003-07-01,Global,0.57,Juillet,2003,14.57,2003
4804,2003-08-01,Global,0.64,Août,2003,14.64,2003
4805,2003-09-01,Global,0.62,Septembre,2003,14.62,2003
4806,2003-10-01,Global,0.72,Octobre,2003,14.72,2003
4807,2003-11-01,Global,0.53,Novembre,2003,14.53,2003
4808,2003-12-01,Global,0.74,Décembre,2003,14.74,2003
4836,2004-01-01,Global,0.58,Janvier,2004,14.58,2004
4837,2004-02-01,Global,0.72,Février,2004,14.72,2004
4838,2004-03-01,Global,0.63,Mars,2004,14.63,2004
4839,2004-04-01,Global,0.61,Avril,2004,14.61,2004
4840,2004-05-01,Global,0.37,Mai,2004,14.37,2004
4841,2004-06-01,Global,0.43,Juin,2004,14.43,2004
4842,2004-07-01,Global,0.26,Juillet,2004,14.26,2004
4843,2004-08-01,Global,0.45,Août,2004,14.45,2004
4844,2004-09-01,Global,0.5,Septembre,2004,14.5,2004
4845,2004-10-01,Global,0.6,Octobre,2004,14.6,2004
4846,2004-11-01,Global,0.72,Novembre,2004,14.72,2004
4847,2004-12-01,Global,0.5,Décembre,2004,14.5,2004
4901,2005-01-01,Global,0.74,Janvier,2005,14.74,2005
4902,2005-02-01,Global,0.6,Février,2005,14.6,2005
4903,2005-03-01,Global,0.74,Mars,2005,14.74,2005
4904,2005-04-01,Global,0.68,Avril,2005,14.68,2005
4905,2005-05-01,Global,0.62,Mai,2005,14.62,2005
4906,2005-06-01,Global,0.64,Juin,2005,14.64,2005
4907,2005-07-01,Global,0.61,Juillet,2005,14.61,2005
4908,2005-08-01,Global,0.6,Août,2005,14.6,2005
4909,2005-09-01,Global,0.7,Septembre,2005,14.7,2005
4910,2005-10-01,Global,0.74,Octobre,2005,14.74,2005
4911,2005-11-01,Global,0.73,Novembre,2005,14.73,2005
4912,2005-12-01,Global,0.68,Décembre,2005,14.68,2005
4927,2006-01-01,Global,0.55,Janvier,2006,14.55,2006
4928,2006-02-01,Global,0.72,Février,2006,14.72,2006
4929,2006-03-01,Global,0.62,Mars,2006,14.62,2006
4930,2006-04-01,Global,0.48,Avril,2006,14.48,2006
4931,2006-05-01,Global,0.48,Mai,2006,14.48,2006
4932,2006-06-01,Global,0.65,Juin,2006,14.65,2006
4933,2006-07-01,Global,0.53,Juillet,2006,14.53,2006
4934,2006-08-01,Global,0.7,Août,2006,14.7,2006
4935,2006-09-01,Global,0.64,Septembre,2006,14.64,2006
4936,2006-10-01,Global,0.69,Octobre,2006,14.69,2006
4937,2006-11-01,Global,0.73,Novembre,2006,14.73,2006
4938,2006-12-01,Global,0.79,Décembre,2006,14.79,2006
4966,2007-01-01,Global,1.02,Janvier,2007,15.02,2007
4967,2007-02-01,Global,0.69,Février,2007,14.69,2007
4968,2007-03-01,Global,0.72,Mars,2007,14.72,2007
4969,2007-04-01,Global,0.76,Avril,2007,14.76,2007
4970,2007-05-01,Global,0.69,Mai,2007,14.69,2007
4971,2007-06-01,Global,0.61,Juin,2007,14.61,2007
4972,2007-07-01,Global,0.59,Juillet,2007,14.59,2007
4973,2007-08-01,Global,0.59,Août,2007,14.59,2007
4974,2007-09-01,Global,0.59,Septembre,2007,14.59,2007
4975,2007-10-01,Global,0.58,Octobre,2007,14.58,2007
4976,2007-11-01,Global,0.58,Novembre,2007,14.58,2007
4977,2007-12-01,Global,0.49,Décembre,2007,14.49,2007
5005,2008-01-01,Global,0.3,Janvier,2008,14.3,2008
5006,2008-02-01,Global,0.37,Février,2008,14.37,2008
5007,2008-03-01,Global,0.74,Mars,2008,14.74,2008
5008,2008-04-01,Global,0.53,Avril,2008,14.53,2008
5009,2008-05-01,Global,0.49,Mai,2008,14.49,2008
5010,2008-06-01,Global,0.49,Juin,2008,14.49,2008
5011,2008-07-01,Global,0.59,Juillet,2008,14.59,2008
5012,2008-08-01,Global,0.46,Août,2008,14.46,2008
5013,2008-09-01,Global,0.6,Septembre,2008,14.6,2008
5014,2008-10-01,Global,0.66,Octobre,2008,14.66,2008
5015,2008-11-01,Global,0.68,Novembre,2008,14.68,2008
5016,2008-12-01,Global,0.53,Décembre,2008,14.53,2008
5044,2009-01-01,Global,0.64,Janvier,2009,14.64,2009
5045,2009-02-01,Global,0.52,Février,2009,14.52,2009
5046,2009-03-01,Global,0.53,Mars,2009,14.53,2009
5047,2009-04-01,Global,0.6,Avril,2009,14.6,2009
5048,2009-05-01,Global,0.64,Mai,2009,14.64,2009
5049,2009-06-01,Global,0.64,Juin,2009,14.64,2009
5050,2009-07-01,Global,0.73,Juillet,2009,14.73,2009
5051,2009-08-01,Global,0.67,Août,2009,14.67,2009
5052,2009-09-01,Global,0.72,Septembre,2009,14.72,2009
5053,2009-10-01,Global,0.64,Octobre,2009,14.64,2009
5054,2009-11-01,Global,0.79,Novembre,2009,14.79,2009
5055,2009-12-01,Global,0.67,Décembre,2009,14.67,2009
5070,2010-01-01,Global,0.74,Janvier,2010,14.74,2010
5071,2010-02-01,Global,0.83,Février,2010,14.83,2010
5072,2010-03-01,Global,0.92,Mars,2010,14.92,2010
5073,2010-04-01,Global,0.84,Avril,2010,14.84,2010
5074,2010-05-01,Global,0.75,Mai,2010,14.75,2010
5075,2010-06-01,Global,0.67,Juin,2010,14.67,2010
5076,2010-07-01,Global,0.62,Juillet,2010,14.62,2010
5077,2010-08-01,Global,0.66,Août,2010,14.66,2010
5078,2010-09-01,Global,0.63,Septembre,2010,14.63,2010
5079,2010-10-01,Global,0.7,Octobre,2010,14.7,2010
5080,2010-11-01,Global,0.81,Novembre,2010,14.81,2010
5081,2010-12-01,Global,0.44,Décembre,2010,14.44,2010
5135,2011-01-01,Global,0.51,Janvier,2011,14.51,2011
5136,2011-02-01,Global,0.47,Février,2011,14.47,2011
5137,2011-03-01,Global,0.65,Mars,2011,14.65,2011
5138,2011-04-01,Global,0.64,Avril,2011,14.64,2011
5139,2011-05-01,Global,0.53,Mai,2011,14.53,2011
5140,2011-06-01,Global,0.62,Juin,2011,14.62,2011
5141,2011-07-01,Global,0.69,Juillet,2011,14.69,2011
5142,2011-08-01,Global,0.74,Août,2011,14.74,2011
5143,2011-09-01,Global,0.56,Septembre,2011,14.56,2011
5144,2011-10-01,Global,0.65,Octobre,2011,14.65,2011
5145,2011-11-01,Global,0.58,Novembre,2011,14.58,2011
5146,2011-12-01,Global,0.6,Décembre,2011,14.6,2011
5174,2012-01-01,Global,0.48,Janvier,2012,14.48,2012
5175,2012-02-01,Global,0.49,Février,2012,14.49,2012
5176,2012-03-01,Global,0.57,Mars,2012,14.57,2012
5177,2012-04-01,Global,0.72,Avril,2012,14.72,2012
5178,2012-05-01,Global,0.78,Mai,2012,14.78,2012
5179,2012-06-01,Global,0.64,Juin,2012,14.64,2012
5180,2012-07-01,Global,0.58,Juillet,2012,14.58,2012
5181,2012-08-01,Global,0.64,Août,2012,14.64,2012
5182,2012-09-01,Global,0.71,Septembre,2012,14.71,2012
5183,2012-10-01,Global,0.79,Octobre,2012,14.79,2012
5184,2012-11-01,Global,0.78,Novembre,2012,14.78,2012
5185,2012-12-01,Global,0.53,Décembre,2012,14.53,2012
5213,2013-01-01,Global,0.7,Janvier,2013,14.7,2013
5214,2013-02-01,Global,0.62,Février,2013,14.62,2013
5215,2013-03-01,Global,0.67,Mars,2013,14.67,2013
5216,2013-04-01,Global,0.53,Avril,2013,14.53,2013
5217,2013-05-01,Global,0.6,Mai,2013,14.6,2013
5218,2013-06-01,Global,0.68,Juin,2013,14.68,2013
5219,2013-07-01,Global,0.6,Juillet,2013,14.6,2013
5220,2013-08-01,Global,0.69,Août,2013,14.69,2013
5221,2013-09-01,Global,0.77,Septembre,2013,14.77,2013
5222,2013-10-01,Global,0.69,Octobre,2013,14.69,2013
5223,2013-11-01,Global,0.83,Novembre,2013,14.83,2013
5224,2013-12-01,Global,0.69,Décembre,2013,14.69,2013
5239,2014-01-01,Global,0.75,Janvier,2014,14.75,2014
5240,2014-02-01,Global,0.54,Février,2014,14.54,2014
5241,2014-03-01,Global,0.78,Mars,2014,14.78,2014
5242,2014-04-01,Global,0.79,Avril,2014,14.79,2014
5243,2014-05-01,Global,0.85,Mai,2014,14.85,2014
5244,2014-06-01,Global,0.67,Juin,2014,14.67,2014
5245,2014-07-01,Global,0.58,Juillet,2014,14.58,2014
5246,2014-08-01,Global,0.82,Août,2014,14.82,2014
5247,2014-09-01,Global,0.87,Septembre,2014,14.87,2014
5248,2014-10-01,Global,0.8,Octobre,2014,14.8,2014
5249,2014-11-01,Global,0.66,Novembre,2014,14.66,2014
5250,2014-12-01,Global,0.78,Décembre,2014,14.78,2014
5265,2015-01-01,Global,0.85,Janvier,2015,14.85,2015
5266,2015-02-01,Global,0.9,Février,2015,14.9,2015
5267,2015-03-01,Global,0.95,Mars,2015,14.95,2015
5268,2015-04-01,Global,0.75,Avril,2015,14.75,2015
5269,2015-05-01,Global,0.8,Mai,2015,14.8,2015
5270,2015-06-01,Global,0.81,Juin,2015,14.81,2015
5271,2015-07-01,Global,0.73,Juillet,2015,14.73,2015
5272,2015-08-01,Global,0.8,Août,2015,14.8,2015
5273,2015-09-01,Global,0.84,Septembre,2015,14.84,2015
5274,2015-10-01,Global,1.09,Octobre,2015,15.09,2015
5275,2015-11-01,Global,1.06,Novembre,2015,15.06,2015
5276,2015-12-01,Global,1.16,Décembre,2015,15.16,2015
5304,2016-01-01,Global,1.17,Janvier,2016,15.17,2016
5305,2016-02-01,Global,1.37,Février,2016,15.370000000000001,2016
5306,2016-03-01,Global,1.36,Mars,2016,15.36,2016
5307,2016-04-01,Global,1.1,Avril,2016,15.1,2016
5308,2016-05-01,Global,0.95,Mai,2016,14.95,2016
5309,2016-06-01,Global,0.8,Juin,2016,14.8,2016
5310,2016-07-01,Global,0.84,Juillet,2016,14.84,2016
5311,2016-08-01,Global,1.02,Août,2016,15.02,2016
5312,2016-09-01,Global,0.9,Septembre,2016,14.9,2016
5313,2016-10-01,Global,0.88,Octobre,2016,14.88,2016
5314,2016-11-01,Global,0.91,Novembre,2016,14.91,2016
5315,2016-12-01,Global,0.86,Décembre,2016,14.86,2016
5343,2017-01-01,Global,1.01,Janvier,2017,15.01,2017
5344,2017-02-01,Global,1.13,Février,2017,15.129999999999999,2017
5345,2017-03-01,Global,1.16,Mars,2017,15.16,2017
5346,2017-04-01,Global,0.94,Avril,2017,14.94,2017
5347,2017-05-01,Global,0.9,Mai,2017,14.9,2017
5348,2017-06-01,Global,0.71,Juin,2017,14.71,2017
5349,2017-07-01,Global,0.81,Juillet,2017,14.81,2017
5350,2017-08-01,Global,0.87,Août,2017,14.87,2017
5351,2017-09-01,Global,0.77,Septembre,2017,14.77,2017
5352,2017-10-01,Global,0.9,Octobre,2017,14.9,2017
5353,2017-11-01,Global,0.88,Novembre,2017,14.88,2017
5354,2017-12-01,Global,0.93,Décembre,2017,14.93,2017
5408,2018-01-01,Global,0.81,Janvier,2018,14.81,2018
5409,2018-02-01,Global,0.84,Février,2018,14.84,2018
5410,2018-03-01,Global,0.88,Mars,2018,14.88,2018
5411,2018-04-01,Global,0.88,Avril,2018,14.88,2018
5412,2018-05-01,Global,0.82,Mai,2018,14.82,2018
5413,2018-06-01,Global,0.77,Juin,2018,14.77,2018
5414,2018-07-01,Global,0.82,Juillet,2018,14.82,2018
5415,2018-08-01,Global,0.76,Août,2018,14.76,2018
5416,2018-09-01,Global,0.8,Septembre,2018,14.8,2018
5417,2018-10-01,Global,1.01,Octobre,2018,15.01,2018
5418,2018-11-01,Global,0.82,Novembre,2018,14.82,2018
5419,2018-12-01,Global,0.91,Décembre,2018,14.91,2018
5421,2019-01-01,Global,0.92,Janvier,2019,14.92,2019
5422,2019-02-01,Global,0.95,Février,2019,14.95,2019
5423,2019-03-01,Global,1.17,Mars,2019,15.17,2019
5424,2019-04-01,Global,1.01,Avril,2019,15.01,2019
5425,2019-05-01,Global,0.84,Mai,2019,14.84,2019
5426,2019-06-01,Global,0.9,Juin,2019,14.9,2019
5427,2019-07-01,Global,0.94,Juillet,2019,14.94,2019
5428,2019-08-01,Global,0.94,Août,2019,14.94,2019
5429,2019-09-01,Global,0.92,Septembre,2019,14.92,2019
5430,2019-10-01,Global,1.01,Octobre,2019,15.01,2019
5431,2019-11-01,Global,0.99,Novembre,2019,14.99,2019
5432,2019-12-01,Global,1.08,Décembre,2019,15.08,2019
5473,2020-01-01,Global,1.16,Janvier,2020,15.16,2020
5474,2020-02-01,Global,1.24,Février,2020,15.24,2020
5475,2020-03-01,Global,1.16,Mars,2020,15.16,2020
5476,2020-04-01,Global,1.13,Avril,2020,15.129999999999999,2020
5477,2020-05-01,Global,1.01,Mai,2020,15.01,2020
5478,2020-06-01,Global,0.91,Juin,2020,14.91,2020
5479,2020-07-01,Global,0.9,Juillet,2020,14.9,2020
5480,2020-08-01,Global,0.87,Août,2020,14.87,2020
5481,2020-09-01,Global,0.98,Septembre,2020,14.98,2020
5482,2020-10-01,Global,0.88,Octobre,2020,14.88,2020
5483,2020-11-01,Global,1.1,Novembre,2020,15.1,2020
5484,2020-12-01,Global,0.81,Décembre,2020,14.81,2020
5525,2021-01-01,Global,0.81,Janvier,2021,14.81,2021
5526,2021-02-01,Global,0.64,Février,2021,14.64,2021
5527,2021-03-01,Global,0.88,Mars,2021,14.88,2021
5528,2021-04-01,Global,0.74,Avril,2021,14.74,2021
5529,2021-05-01,Global,0.78,Mai,2021,14.78,2021
5530,2021-06-01,Global,0.84,Juin,2021,14.84,2021
5531,2021-07-01,Global,0.92,Juillet,2021,14.92,2021
5532,2021-08-01,Global,0.81,Août,2021,14.81,2021
5533,2021-09-01,Global,0.91,Septembre,2021,14.91,2021
5534,2021-10-01,Global,0.99,Octobre,2021,14.99,2021
5535,2021-11-01,Global,0.92,Novembre,2021,14.92,2021
5536,2021-12-01,Global,0.85,Décembre,2021,14.85,2021
5551,2022-01-01,Global,0.91,Janvier,2022,14.91,2022
5552,2022-02-01,Global,0.89,Février,2022,14.89,2022
5553,2022-03-01,Global,1.04,Mars,2022,15.04,2022
5554,2022-04-01,Global,0.82,Avril,2022,14.82,2022
