,Time,Anomaly,Year,Latitudes
0,1880;64N-90N,-0.78,1880,64N-90N
1,1880;44N-64N,-0.5,1880,44N-64N
2,1880;24N-44N,-0.3,1880,24N-44N
3,1880;EQU-24N,-0.16,1880,EQU-24N
4,1880;24S-EQU,-0.09,1880,24S-EQU
5,1880;44S-24S,-0.03,1880,44S-24S
6,1880;64S-44S,0.05,1880,64S-44S
7,1880;90S-64S,0.65,1880,90S-64S
9,1881;64N-90N,-0.89,1881,64N-90N
10,1881;44N-64N,-0.45,1881,44N-64N
11,1881;24N-44N,-0.22,1881,24N-44N
12,1881;EQU-24N,0.09,1881,EQU-24N
13,1881;24S-EQU,0.12,1881,24S-EQU
14,1881;44S-24S,-0.04,1881,44S-24S
15,1881;64S-44S,-0.07,1881,64S-44S
16,1881;90S-64S,0.57,1881,90S-64S
18,1882;64N-90N,-1.39,1882,64N-90N
19,1882;44N-64N,-0.27,1882,44N-64N
20,1882;24N-44N,-0.17,1882,24N-44N
21,1882;EQU-24N,-0.06,1882,EQU-24N
22,1882;24S-EQU,-0.04,1882,24S-EQU
23,1882;44S-24S,0.02,1882,44S-24S
24,1882;64S-44S,0.04,1882,64S-44S
25,1882;90S-64S,0.61,1882,90S-64S
27,1883;64N-90N,-0.17,1883,64N-90N
28,1883;44N-64N,-0.55,1883,44N-64N
29,1883;24N-44N,-0.29,1883,24N-44N
30,1883;EQU-24N,-0.19,1883,EQU-24N
31,1883;24S-EQU,-0.14,1883,24S-EQU
32,1883;44S-24S,-0.03,1883,44S-24S
33,1883;64S-44S,0.07,1883,64S-44S
34,1883;90S-64S,0.48,1883,90S-64S
36,1884;64N-90N,-1.28,1884,64N-90N
37,1884;44N-64N,-0.63,1884,44N-64N
38,1884;24N-44N,-0.49,1884,24N-44N
39,1884;EQU-24N,-0.15,1884,EQU-24N
40,1884;24S-EQU,-0.15,1884,24S-EQU
41,1884;44S-24S,-0.19,1884,44S-24S
42,1884;64S-44S,-0.02,1884,64S-44S
43,1884;90S-64S,0.63,1884,90S-64S
45,1885;64N-90N,-1.49,1885,64N-90N
46,1885;44N-64N,-0.68,1885,44N-64N
47,1885;24N-44N,-0.47,1885,24N-44N
48,1885;EQU-24N,-0.08,1885,EQU-24N
49,1885;24S-EQU,-0.19,1885,24S-EQU
50,1885;44S-24S,-0.33,1885,44S-24S
51,1885;64S-44S,-0.15,1885,64S-44S
52,1885;90S-64S,0.8,1885,90S-64S
54,1886;64N-90N,-1.57,1886,64N-90N
55,1886;44N-64N,-0.49,1886,44N-64N
56,1886;24N-44N,-0.42,1886,24N-44N
57,1886;EQU-24N,-0.22,1886,EQU-24N
58,1886;24S-EQU,-0.17,1886,24S-EQU
59,1886;44S-24S,-0.2,1886,44S-24S
60,1886;64S-44S,-0.21,1886,64S-44S
61,1886;90S-64S,0.57,1886,90S-64S
63,1887;64N-90N,-1.74,1887,64N-90N
64,1887;44N-64N,-0.5,1887,44N-64N
65,1887;24N-44N,-0.31,1887,24N-44N
66,1887;EQU-24N,-0.3,1887,EQU-24N
67,1887;24S-EQU,-0.29,1887,24S-EQU
68,1887;44S-24S,-0.27,1887,44S-24S
69,1887;64S-44S,-0.26,1887,64S-44S
70,1887;90S-64S,0.3,1887,90S-64S
72,1888;64N-90N,-1.28,1888,64N-90N
73,1888;44N-64N,-0.42,1888,44N-64N
74,1888;24N-44N,-0.27,1888,24N-44N
75,1888;EQU-24N,0.06,1888,EQU-24N
76,1888;24S-EQU,0.13,1888,24S-EQU
77,1888;44S-24S,-0.31,1888,44S-24S
78,1888;64S-44S,-0.23,1888,64S-44S
79,1888;90S-64S,0.14,1888,90S-64S
81,1889;64N-90N,-0.66,1889,64N-90N
82,1889;44N-64N,-0.22,1889,44N-64N
83,1889;24N-44N,-0.29,1889,24N-44N
84,1889;EQU-24N,0.01,1889,EQU-24N
85,1889;24S-EQU,0.15,1889,24S-EQU
86,1889;44S-24S,-0.15,1889,44S-24S
87,1889;64S-44S,-0.15,1889,64S-44S
88,1889;90S-64S,0.43,1889,90S-64S
90,1890;64N-90N,-1.11,1890,64N-90N
91,1890;44N-64N,-0.55,1890,44N-64N
92,1890;24N-44N,-0.28,1890,24N-44N
93,1890;EQU-24N,-0.28,1890,EQU-24N
94,1890;24S-EQU,-0.46,1890,24S-EQU
95,1890;44S-24S,-0.17,1890,44S-24S
96,1890;64S-44S,-0.27,1890,64S-44S
97,1890;90S-64S,0.13,1890,90S-64S
99,1891;64N-90N,-1.1,1891,64N-90N
100,1891;44N-64N,-0.33,1891,44N-64N
101,1891;24N-44N,-0.38,1891,24N-44N
102,1891;EQU-24N,0.0,1891,EQU-24N
103,1891;24S-EQU,-0.15,1891,24S-EQU
104,1891;44S-24S,-0.18,1891,44S-24S
105,1891;64S-44S,-0.24,1891,64S-44S
106,1891;90S-64S,-0.18,1891,90S-64S
108,1892;64N-90N,-1.13,1892,64N-90N
109,1892;44N-64N,-0.65,1892,44N-64N
110,1892;24N-44N,-0.19,1892,24N-44N
111,1892;EQU-24N,-0.33,1892,EQU-24N
112,1892;24S-EQU,-0.25,1892,24S-EQU
113,1892;44S-24S,0.02,1892,44S-24S
114,1892;64S-44S,-0.21,1892,64S-44S
115,1892;90S-64S,0.07,1892,90S-64S
117,1893;64N-90N,-0.67,1893,64N-90N
118,1893;44N-64N,-0.55,1893,44N-64N
119,1893;24N-44N,-0.48,1893,24N-44N
120,1893;EQU-24N,-0.42,1893,EQU-24N
121,1893;24S-EQU,-0.31,1893,24S-EQU
122,1893;44S-24S,0.07,1893,44S-24S
123,1893;64S-44S,-0.2,1893,64S-44S
124,1893;90S-64S,-0.06,1893,90S-64S
126,1894;64N-90N,-0.93,1894,64N-90N
127,1894;44N-64N,-0.32,1894,44N-64N
128,1894;24N-44N,-0.2,1894,24N-44N
129,1894;EQU-24N,-0.5,1894,EQU-24N
130,1894;24S-EQU,-0.23,1894,24S-EQU
131,1894;44S-24S,-0.14,1894,44S-24S
132,1894;64S-44S,-0.35,1894,64S-44S
133,1894;90S-64S,-0.4,1894,90S-64S
135,1895;64N-90N,-0.65,1895,64N-90N
136,1895;44N-64N,-0.52,1895,44N-64N
137,1895;24N-44N,-0.28,1895,24N-44N
138,1895;EQU-24N,-0.16,1895,EQU-24N
139,1895;24S-EQU,-0.02,1895,24S-EQU
140,1895;44S-24S,-0.19,1895,44S-24S
141,1895;64S-44S,-0.32,1895,64S-44S
142,1895;90S-64S,-0.6,1895,90S-64S
144,1896;64N-90N,-0.86,1896,64N-90N
145,1896;44N-64N,-0.36,1896,44N-64N
146,1896;24N-44N,-0.24,1896,24N-44N
147,1896;EQU-24N,0.05,1896,EQU-24N
148,1896;24S-EQU,0.15,1896,24S-EQU
149,1896;44S-24S,-0.14,1896,44S-24S
150,1896;64S-44S,-0.13,1896,64S-44S
151,1896;90S-64S,0.23,1896,90S-64S
153,1897;64N-90N,-0.54,1897,64N-90N
154,1897;44N-64N,-0.46,1897,44N-64N
155,1897;24N-44N,-0.26,1897,24N-44N
156,1897;EQU-24N,0.13,1897,EQU-24N
157,1897;24S-EQU,0.21,1897,24S-EQU
158,1897;44S-24S,-0.18,1897,44S-24S
159,1897;64S-44S,-0.27,1897,64S-44S
160,1897;90S-64S,0.38,1897,90S-64S
162,1898;64N-90N,-1.14,1898,64N-90N
163,1898;44N-64N,-0.23,1898,44N-64N
164,1898;24N-44N,-0.25,1898,24N-44N
165,1898;EQU-24N,-0.19,1898,EQU-24N
166,1898;24S-EQU,-0.25,1898,24S-EQU
167,1898;44S-24S,-0.27,1898,44S-24S
168,1898;64S-44S,-0.21,1898,64S-44S
169,1898;90S-64S,0.36,1898,90S-64S
171,1899;64N-90N,-1.02,1899,64N-90N
172,1899;44N-64N,-0.1,1899,44N-64N
173,1899;24N-44N,-0.17,1899,24N-44N
174,1899;EQU-24N,-0.17,1899,EQU-24N
175,1899;24S-EQU,-0.08,1899,24S-EQU
176,1899;44S-24S,-0.15,1899,44S-24S
177,1899;64S-44S,-0.22,1899,64S-44S
178,1899;90S-64S,0.56,1899,90S-64S
180,1900;64N-90N,-0.53,1900,64N-90N
181,1900;44N-64N,-0.15,1900,44N-64N
182,1900;24N-44N,-0.17,1900,24N-44N
183,1900;EQU-24N,0.08,1900,EQU-24N
184,1900;24S-EQU,0.26,1900,24S-EQU
185,1900;44S-24S,-0.28,1900,44S-24S
186,1900;64S-44S,-0.29,1900,64S-44S
187,1900;90S-64S,0.25,1900,90S-64S
189,1901;64N-90N,-0.39,1901,64N-90N
190,1901;44N-64N,-0.1,1901,44N-64N
191,1901;24N-44N,-0.16,1901,24N-44N
192,1901;EQU-24N,-0.07,1901,EQU-24N
193,1901;24S-EQU,-0.02,1901,24S-EQU
194,1901;44S-24S,-0.27,1901,44S-24S
195,1901;64S-44S,-0.34,1901,64S-44S
196,1901;90S-64S,0.24,1901,90S-64S
198,1902;64N-90N,-1.37,1902,64N-90N
199,1902;44N-64N,-0.5,1902,44N-64N
200,1902;24N-44N,-0.34,1902,24N-44N
201,1902;EQU-24N,-0.03,1902,EQU-24N
202,1902;24S-EQU,-0.05,1902,24S-EQU
203,1902;44S-24S,-0.27,1902,44S-24S
204,1902;64S-44S,-0.43,1902,64S-44S
205,1902;90S-64S,-0.07,1902,90S-64S
207,1903;64N-90N,-0.26,1903,64N-90N
208,1903;44N-64N,-0.42,1903,44N-64N
209,1903;24N-44N,-0.57,1903,24N-44N
210,1903;EQU-24N,-0.24,1903,EQU-24N
211,1903;24S-EQU,-0.32,1903,24S-EQU
212,1903;44S-24S,-0.35,1903,44S-24S
213,1903;64S-44S,-0.4,1903,64S-44S
214,1903;90S-64S,-0.49,1903,90S-64S
216,1904;64N-90N,-0.15,1904,64N-90N
217,1904;44N-64N,-0.59,1904,44N-64N
218,1904;24N-44N,-0.56,1904,24N-44N
219,1904;EQU-24N,-0.44,1904,EQU-24N
220,1904;24S-EQU,-0.47,1904,24S-EQU
221,1904;44S-24S,-0.36,1904,44S-24S
222,1904;64S-44S,-0.49,1904,64S-44S
223,1904;90S-64S,-1.32,1904,90S-64S
225,1905;64N-90N,-0.02,1905,64N-90N
226,1905;44N-64N,-0.22,1905,44N-64N
227,1905;24N-44N,-0.63,1905,24N-44N
228,1905;EQU-24N,-0.12,1905,EQU-24N
229,1905;24S-EQU,-0.03,1905,24S-EQU
230,1905;44S-24S,-0.32,1905,44S-24S
231,1905;64S-44S,-0.37,1905,64S-44S
232,1905;90S-64S,-0.34,1905,90S-64S
234,1906;64N-90N,-0.24,1906,64N-90N
235,1906;44N-64N,-0.06,1906,44N-64N
236,1906;24N-44N,-0.4,1906,24N-44N
237,1906;EQU-24N,-0.22,1906,EQU-24N
238,1906;24S-EQU,-0.15,1906,24S-EQU
239,1906;44S-24S,-0.2,1906,44S-24S
240,1906;64S-44S,-0.22,1906,64S-44S
241,1906;90S-64S,-0.71,1906,90S-64S
243,1907;64N-90N,-0.55,1907,64N-90N
244,1907;44N-64N,-0.72,1907,44N-64N
245,1907;24N-44N,-0.53,1907,24N-44N
246,1907;EQU-24N,-0.31,1907,EQU-24N
247,1907;24S-EQU,-0.28,1907,24S-EQU
248,1907;44S-24S,-0.2,1907,44S-24S
249,1907;64S-44S,-0.37,1907,64S-44S
250,1907;90S-64S,-1.2,1907,90S-64S
252,1908;64N-90N,-0.21,1908,64N-90N
253,1908;44N-64N,-0.55,1908,44N-64N
254,1908;24N-44N,-0.52,1908,24N-44N
255,1908;EQU-24N,-0.43,1908,EQU-24N
256,1908;24S-EQU,-0.43,1908,24S-EQU
257,1908;44S-24S,-0.28,1908,44S-24S
258,1908;64S-44S,-0.48,1908,64S-44S
259,1908;90S-64S,0.67,1908,90S-64S
261,1909;64N-90N,-0.73,1909,64N-90N
262,1909;44N-64N,-0.63,1909,44N-64N
263,1909;24N-44N,-0.45,1909,24N-44N
264,1909;EQU-24N,-0.45,1909,EQU-24N
265,1909;24S-EQU,-0.49,1909,24S-EQU
266,1909;44S-24S,-0.37,1909,44S-24S
267,1909;64S-44S,-0.52,1909,64S-44S
268,1909;90S-64S,-0.57,1909,90S-64S
270,1910;64N-90N,-0.57,1910,64N-90N
271,1910;44N-64N,-0.24,1910,44N-64N
272,1910;24N-44N,-0.5,1910,24N-44N
273,1910;EQU-24N,-0.49,1910,EQU-24N
274,1910;24S-EQU,-0.47,1910,24S-EQU
275,1910;44S-24S,-0.33,1910,44S-24S
276,1910;64S-44S,-0.45,1910,64S-44S
277,1910;90S-64S,0.16,1910,90S-64S
279,1911;64N-90N,-0.29,1911,64N-90N
280,1911;44N-64N,-0.42,1911,44N-64N
281,1911;24N-44N,-0.48,1911,24N-44N
282,1911;EQU-24N,-0.43,1911,EQU-24N
283,1911;24S-EQU,-0.41,1911,24S-EQU
284,1911;44S-24S,-0.43,1911,44S-24S
285,1911;64S-44S,-0.53,1911,64S-44S
286,1911;90S-64S,0.05,1911,90S-64S
288,1912;64N-90N,-0.52,1912,64N-90N
289,1912;44N-64N,-0.79,1912,44N-64N
290,1912;24N-44N,-0.51,1912,24N-44N
291,1912;EQU-24N,-0.28,1912,EQU-24N
292,1912;24S-EQU,-0.07,1912,24S-EQU
293,1912;44S-24S,-0.36,1912,44S-24S
294,1912;64S-44S,-0.29,1912,64S-44S
295,1912;90S-64S,-1.63,1912,90S-64S
297,1913;64N-90N,-0.48,1913,64N-90N
298,1913;44N-64N,-0.33,1913,44N-64N
299,1913;24N-44N,-0.51,1913,24N-44N
300,1913;EQU-24N,-0.4,1913,EQU-24N
301,1913;24S-EQU,-0.12,1913,24S-EQU
302,1913;44S-24S,-0.28,1913,44S-24S
303,1913;64S-44S,-0.4,1913,64S-44S
304,1913;90S-64S,-1.04,1913,90S-64S
306,1914;64N-90N,-0.34,1914,64N-90N
307,1914;44N-64N,-0.16,1914,44N-64N
308,1914;24N-44N,-0.29,1914,24N-44N
309,1914;EQU-24N,-0.13,1914,EQU-24N
310,1914;24S-EQU,0.01,1914,24S-EQU
311,1914;44S-24S,-0.15,1914,44S-24S
312,1914;64S-44S,-0.18,1914,64S-44S
313,1914;90S-64S,-0.37,1914,90S-64S
315,1915;64N-90N,-0.59,1915,64N-90N
316,1915;44N-64N,-0.17,1915,44N-64N
317,1915;24N-44N,-0.19,1915,24N-44N
318,1915;EQU-24N,-0.02,1915,EQU-24N
319,1915;24S-EQU,0.01,1915,24S-EQU
320,1915;44S-24S,-0.14,1915,44S-24S
321,1915;64S-44S,-0.23,1915,64S-44S
322,1915;90S-64S,-1.98,1915,90S-64S
324,1916;64N-90N,-0.46,1916,64N-90N
325,1916;44N-64N,-0.54,1916,44N-64N
326,1916;24N-44N,-0.25,1916,24N-44N
327,1916;EQU-24N,-0.5,1916,EQU-24N
328,1916;24S-EQU,-0.38,1916,24S-EQU
329,1916;44S-24S,-0.22,1916,44S-24S
330,1916;64S-44S,-0.17,1916,64S-44S
331,1916;90S-64S,-1.05,1916,90S-64S
333,1917;64N-90N,-0.8,1917,64N-90N
334,1917;44N-64N,-0.5,1917,44N-64N
335,1917;24N-44N,-0.44,1917,24N-44N
336,1917;EQU-24N,-0.69,1917,EQU-24N
337,1917;24S-EQU,-0.56,1917,24S-EQU
338,1917;44S-24S,-0.22,1917,44S-24S
339,1917;64S-44S,-0.09,1917,64S-44S
340,1917;90S-64S,0.06,1917,90S-64S
342,1918;64N-90N,-0.99,1918,64N-90N
343,1918;44N-64N,-0.27,1918,44N-64N
344,1918;24N-44N,-0.36,1918,24N-44N
345,1918;EQU-24N,-0.39,1918,EQU-24N
346,1918;24S-EQU,-0.27,1918,24S-EQU
347,1918;44S-24S,-0.05,1918,44S-24S
348,1918;64S-44S,-0.23,1918,64S-44S
349,1918;90S-64S,-0.28,1918,90S-64S
351,1919;64N-90N,-0.69,1919,64N-90N
352,1919;44N-64N,-0.56,1919,44N-64N
353,1919;24N-44N,-0.31,1919,24N-44N
354,1919;EQU-24N,-0.23,1919,EQU-24N
355,1919;24S-EQU,-0.16,1919,24S-EQU
356,1919;44S-24S,-0.14,1919,44S-24S
357,1919;64S-44S,-0.32,1919,64S-44S
358,1919;90S-64S,0.2,1919,90S-64S
360,1920;64N-90N,0.01,1920,64N-90N
361,1920;44N-64N,-0.2,1920,44N-64N
362,1920;24N-44N,-0.36,1920,24N-44N
363,1920;EQU-24N,-0.38,1920,EQU-24N
364,1920;24S-EQU,-0.12,1920,24S-EQU
365,1920;44S-24S,-0.18,1920,44S-24S
366,1920;64S-44S,-0.48,1920,64S-44S
367,1920;90S-64S,-1.14,1920,90S-64S
369,1921;64N-90N,0.0,1921,64N-90N
370,1921;44N-64N,0.17,1921,44N-64N
371,1921;24N-44N,-0.1,1921,24N-44N
372,1921;EQU-24N,-0.3,1921,EQU-24N
373,1921;24S-EQU,-0.2,1921,24S-EQU
374,1921;44S-24S,-0.22,1921,44S-24S
375,1921;64S-44S,-0.38,1921,64S-44S
376,1921;90S-64S,-0.84,1921,90S-64S
378,1922;64N-90N,-0.31,1922,64N-90N
379,1922;44N-64N,-0.41,1922,44N-64N
380,1922;24N-44N,-0.15,1922,24N-44N
381,1922;EQU-24N,-0.33,1922,EQU-24N
382,1922;24S-EQU,-0.32,1922,24S-EQU
383,1922;44S-24S,-0.23,1922,44S-24S
384,1922;64S-44S,-0.28,1922,64S-44S
385,1922;90S-64S,-0.28,1922,90S-64S
387,1923;64N-90N,0.18,1923,64N-90N
388,1923;44N-64N,-0.15,1923,44N-64N
389,1923;24N-44N,-0.26,1923,24N-44N
390,1923;EQU-24N,-0.33,1923,EQU-24N
391,1923;24S-EQU,-0.27,1923,24S-EQU
392,1923;44S-24S,-0.26,1923,44S-24S
393,1923;64S-44S,-0.41,1923,64S-44S
394,1923;90S-64S,-0.55,1923,90S-64S
396,1924;64N-90N,0.47,1924,64N-90N
397,1924;44N-64N,-0.25,1924,44N-64N
398,1924;24N-44N,-0.23,1924,24N-44N
399,1924;EQU-24N,-0.27,1924,EQU-24N
400,1924;24S-EQU,-0.25,1924,24S-EQU
401,1924;44S-24S,-0.39,1924,44S-24S
402,1924;64S-44S,-0.45,1924,64S-44S
403,1924;90S-64S,-0.53,1924,90S-64S
405,1925;64N-90N,-0.09,1925,64N-90N
406,1925;44N-64N,0.18,1925,44N-64N
407,1925;24N-44N,-0.19,1925,24N-44N
408,1925;EQU-24N,-0.28,1925,EQU-24N
409,1925;24S-EQU,-0.2,1925,24S-EQU
410,1925;44S-24S,-0.24,1925,44S-24S
411,1925;64S-44S,-0.55,1925,64S-44S
412,1925;90S-64S,-0.86,1925,90S-64S
414,1926;64N-90N,0.55,1926,64N-90N
415,1926;44N-64N,0.15,1926,44N-64N
416,1926;24N-44N,-0.22,1926,24N-44N
417,1926;EQU-24N,0.0,1926,EQU-24N
418,1926;24S-EQU,0.02,1926,24S-EQU
419,1926;44S-24S,-0.34,1926,44S-24S
420,1926;64S-44S,-0.45,1926,64S-44S
421,1926;90S-64S,-0.64,1926,90S-64S
423,1927;64N-90N,0.02,1927,64N-90N
424,1927;44N-64N,-0.22,1927,44N-64N
425,1927;24N-44N,-0.13,1927,24N-44N
426,1927;EQU-24N,-0.14,1927,EQU-24N
427,1927;24S-EQU,-0.17,1927,24S-EQU
428,1927;44S-24S,-0.3,1927,44S-24S
429,1927;64S-44S,-0.45,1927,64S-44S
430,1927;90S-64S,-1.38,1927,90S-64S
432,1928;64N-90N,0.7,1928,64N-90N
433,1928;44N-64N,-0.17,1928,44N-64N
434,1928;24N-44N,-0.23,1928,24N-44N
435,1928;EQU-24N,-0.14,1928,EQU-24N
436,1928;24S-EQU,-0.16,1928,24S-EQU
437,1928;44S-24S,-0.28,1928,44S-24S
438,1928;64S-44S,-0.48,1928,64S-44S
439,1928;90S-64S,-2.12,1928,90S-64S
441,1929;64N-90N,0.14,1929,64N-90N
442,1929;44N-64N,-0.62,1929,44N-64N
443,1929;24N-44N,-0.39,1929,24N-44N
444,1929;EQU-24N,-0.28,1929,EQU-24N
445,1929;24S-EQU,-0.29,1929,24S-EQU
446,1929;44S-24S,-0.42,1929,44S-24S
447,1929;64S-44S,-0.44,1929,64S-44S
448,1929;90S-64S,-1.08,1929,90S-64S
450,1930;64N-90N,0.53,1930,64N-90N
451,1930;44N-64N,0.04,1930,44N-64N
452,1930;24N-44N,-0.11,1930,24N-44N
453,1930;EQU-24N,-0.09,1930,EQU-24N
454,1930;24S-EQU,-0.12,1930,24S-EQU
455,1930;44S-24S,-0.33,1930,44S-24S
456,1930;64S-44S,-0.47,1930,64S-44S
457,1930;90S-64S,-2.6,1930,90S-64S
459,1931;64N-90N,0.55,1931,64N-90N
460,1931;44N-64N,-0.04,1931,44N-64N
461,1931;24N-44N,-0.15,1931,24N-44N
462,1931;EQU-24N,0.1,1931,EQU-24N
463,1931;24S-EQU,0.05,1931,24S-EQU
464,1931;44S-24S,-0.42,1931,44S-24S
465,1931;64S-44S,-0.4,1931,64S-44S
466,1931;90S-64S,-0.41,1931,90S-64S
468,1932;64N-90N,0.48,1932,64N-90N
469,1932;44N-64N,0.19,1932,44N-64N
470,1932;24N-44N,-0.22,1932,24N-44N
471,1932;EQU-24N,-0.19,1932,EQU-24N
472,1932;24S-EQU,-0.14,1932,24S-EQU
473,1932;44S-24S,-0.21,1932,44S-24S
474,1932;64S-44S,-0.53,1932,64S-44S
475,1932;90S-64S,-0.99,1932,90S-64S
477,1933;64N-90N,-0.17,1933,64N-90N
478,1933;44N-64N,-0.47,1933,44N-64N
479,1933;24N-44N,-0.13,1933,24N-44N
480,1933;EQU-24N,-0.28,1933,EQU-24N
481,1933;24S-EQU,-0.28,1933,24S-EQU
482,1933;44S-24S,-0.21,1933,44S-24S
483,1933;64S-44S,-0.49,1933,64S-44S
484,1933;90S-64S,-1.15,1933,90S-64S
486,1934;64N-90N,0.87,1934,64N-90N
487,1934;44N-64N,0.3,1934,44N-64N
488,1934;24N-44N,-0.14,1934,24N-44N
489,1934;EQU-24N,-0.26,1934,EQU-24N
490,1934;24S-EQU,-0.23,1934,24S-EQU
491,1934;44S-24S,-0.15,1934,44S-24S
492,1934;64S-44S,-0.38,1934,64S-44S
493,1934;90S-64S,-0.57,1934,90S-64S
495,1935;64N-90N,0.34,1935,64N-90N
496,1935;44N-64N,-0.05,1935,44N-64N
497,1935;24N-44N,-0.17,1935,24N-44N
498,1935;EQU-24N,-0.17,1935,EQU-24N
499,1935;24S-EQU,-0.2,1935,24S-EQU
500,1935;44S-24S,-0.3,1935,44S-24S
501,1935;64S-44S,-0.42,1935,64S-44S
502,1935;90S-64S,-1.72,1935,90S-64S
504,1936;64N-90N,0.39,1936,64N-90N
505,1936;44N-64N,0.1,1936,44N-64N
506,1936;24N-44N,-0.26,1936,24N-44N
507,1936;EQU-24N,-0.05,1936,EQU-24N
508,1936;24S-EQU,-0.2,1936,24S-EQU
509,1936;44S-24S,-0.26,1936,44S-24S
510,1936;64S-44S,-0.33,1936,64S-44S
511,1936;90S-64S,-0.04,1936,90S-64S
513,1937;64N-90N,1.23,1937,64N-90N
514,1937;44N-64N,0.02,1937,44N-64N
515,1937;24N-44N,-0.03,1937,24N-44N
516,1937;EQU-24N,0.01,1937,EQU-24N
517,1937;24S-EQU,-0.11,1937,24S-EQU
518,1937;44S-24S,-0.19,1937,44S-24S
519,1937;64S-44S,-0.26,1937,64S-44S
520,1937;90S-64S,0.36,1937,90S-64S
522,1938;64N-90N,1.5,1938,64N-90N
523,1938;44N-64N,0.39,1938,44N-64N
524,1938;24N-44N,0.03,1938,24N-44N
525,1938;EQU-24N,-0.17,1938,EQU-24N
526,1938;24S-EQU,-0.27,1938,24S-EQU
527,1938;44S-24S,-0.06,1938,44S-24S
528,1938;64S-44S,-0.11,1938,64S-44S
529,1938;90S-64S,-0.87,1938,90S-64S
531,1939;64N-90N,0.56,1939,64N-90N
532,1939;44N-64N,0.28,1939,44N-64N
533,1939;24N-44N,0.08,1939,24N-44N
534,1939;EQU-24N,-0.1,1939,EQU-24N
535,1939;24S-EQU,-0.12,1939,24S-EQU
536,1939;44S-24S,-0.04,1939,44S-24S
537,1939;64S-44S,-0.19,1939,64S-44S
538,1939;90S-64S,-1.6,1939,90S-64S
540,1940;64N-90N,0.99,1940,64N-90N
541,1940;44N-64N,-0.02,1940,44N-64N
542,1940;24N-44N,-0.09,1940,24N-44N
543,1940;EQU-24N,0.28,1940,EQU-24N
544,1940;24S-EQU,0.3,1940,24S-EQU
545,1940;44S-24S,0.03,1940,44S-24S
546,1940;64S-44S,-0.2,1940,64S-44S
547,1940;90S-64S,-0.06,1940,90S-64S
549,1941;64N-90N,0.0,1941,64N-90N
550,1941;44N-64N,-0.1,1941,44N-64N
551,1941;24N-44N,0.08,1941,24N-44N
552,1941;EQU-24N,0.55,1941,EQU-24N
553,1941;24S-EQU,0.45,1941,24S-EQU
554,1941;44S-24S,0.03,1941,44S-24S
555,1941;64S-44S,-0.15,1941,64S-44S
556,1941;90S-64S,-0.47,1941,90S-64S
558,1942;64N-90N,0.72,1942,64N-90N
559,1942;44N-64N,-0.06,1942,44N-64N
560,1942;24N-44N,0.06,1942,24N-44N
561,1942;EQU-24N,0.12,1942,EQU-24N
562,1942;24S-EQU,0.04,1942,24S-EQU
563,1942;44S-24S,0.05,1942,44S-24S
564,1942;64S-44S,-0.05,1942,64S-44S
565,1942;90S-64S,-0.9,1942,90S-64S
567,1943;64N-90N,1.41,1943,64N-90N
568,1943;44N-64N,0.28,1943,44N-64N
569,1943;24N-44N,0.11,1943,24N-44N
570,1943;EQU-24N,-0.1,1943,EQU-24N
571,1943;24S-EQU,-0.06,1943,24S-EQU
572,1943;44S-24S,0.07,1943,44S-24S
573,1943;64S-44S,-0.01,1943,64S-44S
574,1943;90S-64S,1.14,1943,90S-64S
576,1944;64N-90N,1.18,1944,64N-90N
577,1944;44N-64N,0.47,1944,44N-64N
578,1944;24N-44N,0.09,1944,24N-44N
579,1944;EQU-24N,0.11,1944,EQU-24N
580,1944;24S-EQU,0.28,1944,24S-EQU
581,1944;44S-24S,0.19,1944,44S-24S
582,1944;64S-44S,-0.1,1944,64S-44S
583,1944;90S-64S,-0.94,1944,90S-64S
585,1945;64N-90N,0.63,1945,64N-90N
586,1945;44N-64N,-0.02,1945,44N-64N
587,1945;24N-44N,0.04,1945,24N-44N
588,1945;EQU-24N,0.1,1945,EQU-24N
589,1945;24S-EQU,0.25,1945,24S-EQU
590,1945;44S-24S,0.04,1945,44S-24S
591,1945;64S-44S,0.0,1945,64S-44S
592,1945;90S-64S,-1.77,1945,90S-64S
594,1946;64N-90N,-0.03,1946,64N-90N
595,1946;44N-64N,-0.05,1946,44N-64N
596,1946;24N-44N,0.16,1946,24N-44N
597,1946;EQU-24N,-0.02,1946,EQU-24N
598,1946;24S-EQU,-0.06,1946,24S-EQU
599,1946;44S-24S,-0.22,1946,44S-24S
600,1946;64S-44S,-0.24,1946,64S-44S
601,1946;90S-64S,-0.17,1946,90S-64S
603,1947;64N-90N,1.06,1947,64N-90N
604,1947;44N-64N,-0.13,1947,44N-64N
605,1947;24N-44N,0.04,1947,24N-44N
606,1947;EQU-24N,-0.03,1947,EQU-24N
607,1947;24S-EQU,-0.09,1947,24S-EQU
608,1947;44S-24S,-0.19,1947,44S-24S
609,1947;64S-44S,-0.08,1947,64S-44S
610,1947;90S-64S,-0.21,1947,90S-64S
612,1948;64N-90N,0.11,1948,64N-90N
613,1948;44N-64N,0.32,1948,44N-64N
614,1948;24N-44N,0.01,1948,24N-44N
615,1948;EQU-24N,-0.22,1948,EQU-24N
616,1948;24S-EQU,-0.14,1948,24S-EQU
617,1948;44S-24S,-0.19,1948,44S-24S
618,1948;64S-44S,-0.19,1948,64S-44S
619,1948;90S-64S,-1.37,1948,90S-64S
621,1949;64N-90N,0.21,1949,64N-90N
622,1949;44N-64N,0.17,1949,44N-64N
623,1949;24N-44N,0.05,1949,24N-44N
624,1949;EQU-24N,-0.23,1949,EQU-24N
625,1949;24S-EQU,-0.14,1949,24S-EQU
626,1949;44S-24S,-0.17,1949,44S-24S
627,1949;64S-44S,-0.15,1949,64S-44S
628,1949;90S-64S,-1.97,1949,90S-64S
630,1950;64N-90N,0.19,1950,64N-90N
631,1950;44N-64N,-0.31,1950,44N-64N
632,1950;24N-44N,0.04,1950,24N-44N
633,1950;EQU-24N,-0.3,1950,EQU-24N
634,1950;24S-EQU,-0.28,1950,24S-EQU
635,1950;44S-24S,-0.06,1950,44S-24S
636,1950;64S-44S,-0.16,1950,64S-44S
637,1950;90S-64S,-0.86,1950,90S-64S
639,1951;64N-90N,0.08,1951,64N-90N
640,1951;44N-64N,0.01,1951,44N-64N
641,1951;24N-44N,0.12,1951,24N-44N
642,1951;EQU-24N,0.0,1951,EQU-24N
643,1951;24S-EQU,-0.11,1951,24S-EQU
644,1951;44S-24S,-0.22,1951,44S-24S
645,1951;64S-44S,-0.16,1951,64S-44S
646,1951;90S-64S,-0.7,1951,90S-64S
648,1952;64N-90N,0.27,1952,64N-90N
649,1952;44N-64N,-0.09,1952,44N-64N
650,1952;24N-44N,0.19,1952,24N-44N
651,1952;EQU-24N,-0.01,1952,EQU-24N
652,1952;24S-EQU,0.05,1952,24S-EQU
653,1952;44S-24S,-0.1,1952,44S-24S
654,1952;64S-44S,-0.02,1952,64S-44S
655,1952;90S-64S,-0.5,1952,90S-64S
657,1953;64N-90N,1.02,1953,64N-90N
658,1953;44N-64N,0.35,1953,44N-64N
659,1953;24N-44N,0.14,1953,24N-44N
660,1953;EQU-24N,0.08,1953,EQU-24N
661,1953;24S-EQU,0.07,1953,24S-EQU
662,1953;44S-24S,-0.08,1953,44S-24S
663,1953;64S-44S,-0.24,1953,64S-44S
664,1953;90S-64S,-1.1,1953,90S-64S
666,1954;64N-90N,0.8,1954,64N-90N
667,1954;44N-64N,-0.21,1954,44N-64N
668,1954;24N-44N,0.0,1954,24N-44N
669,1954;EQU-24N,-0.14,1954,EQU-24N
670,1954;24S-EQU,-0.29,1954,24S-EQU
671,1954;44S-24S,-0.17,1954,44S-24S
672,1954;64S-44S,-0.2,1954,64S-44S
673,1954;90S-64S,-0.81,1954,90S-64S
675,1955;64N-90N,-0.24,1955,64N-90N
676,1955;44N-64N,-0.11,1955,44N-64N
677,1955;24N-44N,0.23,1955,24N-44N
678,1955;EQU-24N,-0.29,1955,EQU-24N
679,1955;24S-EQU,-0.38,1955,24S-EQU
680,1955;44S-24S,-0.16,1955,44S-24S
681,1955;64S-44S,-0.08,1955,64S-44S
682,1955;90S-64S,1.22,1955,90S-64S
684,1956;64N-90N,0.01,1956,64N-90N
685,1956;44N-64N,-0.47,1956,44N-64N
686,1956;24N-44N,-0.09,1956,24N-44N
687,1956;EQU-24N,-0.28,1956,EQU-24N
688,1956;24S-EQU,-0.38,1956,24S-EQU
689,1956;44S-24S,-0.14,1956,44S-24S
690,1956;64S-44S,0.02,1956,64S-44S
691,1956;90S-64S,0.76,1956,90S-64S
693,1957;64N-90N,0.09,1957,64N-90N
694,1957;44N-64N,0.22,1957,44N-64N
695,1957;24N-44N,-0.11,1957,24N-44N
696,1957;EQU-24N,0.05,1957,EQU-24N
697,1957;24S-EQU,0.1,1957,24S-EQU
698,1957;44S-24S,-0.09,1957,44S-24S
699,1957;64S-44S,-0.02,1957,64S-44S
700,1957;90S-64S,0.49,1957,90S-64S
702,1958;64N-90N,-0.16,1958,64N-90N
703,1958;44N-64N,0.15,1958,44N-64N
704,1958;24N-44N,0.12,1958,24N-44N
705,1958;EQU-24N,0.26,1958,EQU-24N
706,1958;24S-EQU,0.15,1958,24S-EQU
707,1958;44S-24S,-0.09,1958,44S-24S
708,1958;64S-44S,-0.08,1958,64S-44S
709,1958;90S-64S,-0.53,1958,90S-64S
711,1959;64N-90N,0.49,1959,64N-90N
712,1959;44N-64N,0.18,1959,44N-64N
713,1959;24N-44N,0.04,1959,24N-44N
714,1959;EQU-24N,0.07,1959,EQU-24N
715,1959;24S-EQU,0.08,1959,24S-EQU
716,1959;44S-24S,-0.03,1959,44S-24S
717,1959;64S-44S,-0.26,1959,64S-44S
718,1959;90S-64S,-0.36,1959,90S-64S
720,1960;64N-90N,0.34,1960,64N-90N
721,1960;44N-64N,-0.07,1960,44N-64N
722,1960;24N-44N,0.11,1960,24N-44N
723,1960;EQU-24N,0.06,1960,EQU-24N
724,1960;24S-EQU,-0.03,1960,24S-EQU
725,1960;44S-24S,-0.1,1960,44S-24S
726,1960;64S-44S,-0.07,1960,64S-44S
727,1960;90S-64S,-0.75,1960,90S-64S
729,1961;64N-90N,-0.15,1961,64N-90N
730,1961;44N-64N,0.38,1961,44N-64N
731,1961;24N-44N,0.18,1961,24N-44N
732,1961;EQU-24N,-0.07,1961,EQU-24N
733,1961;24S-EQU,0.0,1961,24S-EQU
734,1961;44S-24S,0.14,1961,44S-24S
735,1961;64S-44S,-0.17,1961,64S-44S
736,1961;90S-64S,0.21,1961,90S-64S
738,1962;64N-90N,0.45,1962,64N-90N
739,1962;44N-64N,0.31,1962,44N-64N
740,1962;24N-44N,0.14,1962,24N-44N
741,1962;EQU-24N,-0.05,1962,EQU-24N
742,1962;24S-EQU,-0.05,1962,24S-EQU
743,1962;44S-24S,0.09,1962,44S-24S
744,1962;64S-44S,-0.07,1962,64S-44S
745,1962;90S-64S,-0.65,1962,90S-64S
747,1963;64N-90N,-0.16,1963,64N-90N
748,1963;44N-64N,0.31,1963,44N-64N
749,1963;24N-44N,0.13,1963,24N-44N
750,1963;EQU-24N,0.14,1963,EQU-24N
751,1963;24S-EQU,0.1,1963,24S-EQU
752,1963;44S-24S,-0.1,1963,44S-24S
753,1963;64S-44S,-0.17,1963,64S-44S
754,1963;90S-64S,-0.03,1963,90S-64S
756,1964;64N-90N,-0.67,1964,64N-90N
757,1964;44N-64N,-0.2,1964,44N-64N
758,1964;24N-44N,-0.11,1964,24N-44N
759,1964;EQU-24N,-0.14,1964,EQU-24N
760,1964;24S-EQU,-0.14,1964,24S-EQU
761,1964;44S-24S,-0.3,1964,44S-24S
762,1964;64S-44S,-0.07,1964,64S-44S
763,1964;90S-64S,-0.38,1964,90S-64S
765,1965;64N-90N,-0.28,1965,64N-90N
766,1965;44N-64N,-0.24,1965,44N-64N
767,1965;24N-44N,-0.12,1965,24N-44N
768,1965;EQU-24N,-0.08,1965,EQU-24N
769,1965;24S-EQU,0.02,1965,24S-EQU
770,1965;44S-24S,-0.23,1965,44S-24S
771,1965;64S-44S,-0.03,1965,64S-44S
772,1965;90S-64S,-0.01,1965,90S-64S
774,1966;64N-90N,-0.76,1966,64N-90N
775,1966;44N-64N,-0.19,1966,44N-64N
776,1966;24N-44N,0.09,1966,24N-44N
777,1966;EQU-24N,0.16,1966,EQU-24N
778,1966;24S-EQU,-0.01,1966,24S-EQU
779,1966;44S-24S,-0.24,1966,44S-24S
780,1966;64S-44S,-0.13,1966,64S-44S
781,1966;90S-64S,0.11,1966,90S-64S
783,1967;64N-90N,0.36,1967,64N-90N
784,1967;44N-64N,0.26,1967,44N-64N
785,1967;24N-44N,-0.05,1967,24N-44N
786,1967;EQU-24N,-0.11,1967,EQU-24N
787,1967;24S-EQU,-0.17,1967,24S-EQU
788,1967;44S-24S,-0.09,1967,44S-24S
789,1967;64S-44S,-0.02,1967,64S-44S
790,1967;90S-64S,0.3,1967,90S-64S
792,1968;64N-90N,-0.33,1968,64N-90N
793,1968;44N-64N,-0.02,1968,44N-64N
794,1968;24N-44N,-0.09,1968,24N-44N
795,1968;EQU-24N,-0.02,1968,EQU-24N
796,1968;24S-EQU,-0.11,1968,24S-EQU
797,1968;44S-24S,-0.14,1968,44S-24S
798,1968;64S-44S,0.0,1968,64S-44S
799,1968;90S-64S,-0.06,1968,90S-64S
801,1969;64N-90N,-0.04,1969,64N-90N
802,1969;44N-64N,-0.61,1969,44N-64N
803,1969;24N-44N,-0.17,1969,24N-44N
804,1969;EQU-24N,0.35,1969,EQU-24N
805,1969;24S-EQU,0.32,1969,24S-EQU
806,1969;44S-24S,0.0,1969,44S-24S
807,1969;64S-44S,0.13,1969,64S-44S
808,1969;90S-64S,-0.14,1969,90S-64S
810,1970;64N-90N,-0.22,1970,64N-90N
811,1970;44N-64N,-0.13,1970,44N-64N
812,1970;24N-44N,-0.07,1970,24N-44N
813,1970;EQU-24N,0.06,1970,EQU-24N
814,1970;24S-EQU,0.06,1970,24S-EQU
815,1970;44S-24S,0.11,1970,44S-24S
816,1970;64S-44S,0.03,1970,64S-44S
817,1970;90S-64S,0.31,1970,90S-64S
819,1971;64N-90N,-0.08,1971,64N-90N
820,1971;44N-64N,0.01,1971,44N-64N
821,1971;24N-44N,-0.1,1971,24N-44N
822,1971;EQU-24N,-0.3,1971,EQU-24N
823,1971;24S-EQU,-0.22,1971,24S-EQU
824,1971;44S-24S,0.03,1971,44S-24S
825,1971;64S-44S,0.16,1971,64S-44S
826,1971;90S-64S,0.44,1971,90S-64S
828,1972;64N-90N,-0.37,1972,64N-90N
829,1972;44N-64N,-0.47,1972,44N-64N
830,1972;24N-44N,-0.25,1972,24N-44N
831,1972;EQU-24N,0.07,1972,EQU-24N
832,1972;24S-EQU,0.26,1972,24S-EQU
833,1972;44S-24S,0.16,1972,44S-24S
834,1972;64S-44S,-0.02,1972,64S-44S
835,1972;90S-64S,0.45,1972,90S-64S
837,1973;64N-90N,0.07,1973,64N-90N
838,1973;44N-64N,0.27,1973,44N-64N
839,1973;24N-44N,0.01,1973,24N-44N
840,1973;EQU-24N,0.08,1973,EQU-24N
841,1973;24S-EQU,0.29,1973,24S-EQU
842,1973;44S-24S,0.22,1973,44S-24S
843,1973;64S-44S,0.08,1973,64S-44S
844,1973;90S-64S,0.34,1973,90S-64S
846,1974;64N-90N,-0.19,1974,64N-90N
847,1974;44N-64N,-0.07,1974,44N-64N
848,1974;24N-44N,-0.18,1974,24N-44N
849,1974;EQU-24N,-0.23,1974,EQU-24N
850,1974;24S-EQU,-0.17,1974,24S-EQU
851,1974;44S-24S,0.21,1974,44S-24S
852,1974;64S-44S,-0.08,1974,64S-44S
853,1974;90S-64S,0.65,1974,90S-64S
855,1975;64N-90N,0.09,1975,64N-90N
856,1975;44N-64N,0.39,1975,44N-64N
857,1975;24N-44N,-0.05,1975,24N-44N
858,1975;EQU-24N,-0.31,1975,EQU-24N
859,1975;24S-EQU,-0.17,1975,24S-EQU
860,1975;44S-24S,0.13,1975,44S-24S
861,1975;64S-44S,0.14,1975,64S-44S
862,1975;90S-64S,0.29,1975,90S-64S
864,1976;64N-90N,-0.08,1976,64N-90N
865,1976;44N-64N,-0.32,1976,44N-64N
866,1976;24N-44N,-0.28,1976,24N-44N
867,1976;EQU-24N,-0.13,1976,EQU-24N
868,1976;24S-EQU,-0.1,1976,24S-EQU
869,1976;44S-24S,0.1,1976,44S-24S
870,1976;64S-44S,0.22,1976,64S-44S
871,1976;90S-64S,-0.24,1976,90S-64S
873,1977;64N-90N,0.16,1977,64N-90N
874,1977;44N-64N,0.24,1977,44N-64N
875,1977;24N-44N,0.06,1977,24N-44N
876,1977;EQU-24N,0.09,1977,EQU-24N
877,1977;24S-EQU,0.22,1977,24S-EQU
878,1977;44S-24S,0.22,1977,44S-24S
879,1977;64S-44S,0.31,1977,64S-44S
880,1977;90S-64S,0.28,1977,90S-64S
882,1978;64N-90N,-0.16,1978,64N-90N
883,1978;44N-64N,0.03,1978,44N-64N
884,1978;24N-44N,-0.04,1978,24N-44N
885,1978;EQU-24N,0.1,1978,EQU-24N
886,1978;24S-EQU,0.05,1978,24S-EQU
887,1978;44S-24S,0.21,1978,44S-24S
888,1978;64S-44S,0.13,1978,64S-44S
889,1978;90S-64S,0.04,1978,90S-64S
891,1979;64N-90N,-0.6,1979,64N-90N
892,1979;44N-64N,0.06,1979,44N-64N
893,1979;24N-44N,0.09,1979,24N-44N
894,1979;EQU-24N,0.25,1979,EQU-24N
895,1979;24S-EQU,0.27,1979,24S-EQU
896,1979;44S-24S,0.29,1979,44S-24S
897,1979;64S-44S,0.33,1979,64S-44S
898,1979;90S-64S,-0.21,1979,90S-64S
900,1980;64N-90N,0.25,1980,64N-90N
901,1980;44N-64N,0.02,1980,44N-64N
902,1980;24N-44N,0.02,1980,24N-44N
903,1980;EQU-24N,0.33,1980,EQU-24N
904,1980;24S-EQU,0.29,1980,24S-EQU
905,1980;44S-24S,0.35,1980,44S-24S
906,1980;64S-44S,0.37,1980,64S-44S
907,1980;90S-64S,0.59,1980,90S-64S
909,1981;64N-90N,1.09,1981,64N-90N
910,1981;44N-64N,0.78,1981,44N-64N
911,1981;24N-44N,0.08,1981,24N-44N
912,1981;EQU-24N,0.22,1981,EQU-24N
913,1981;24S-EQU,0.15,1981,24S-EQU
914,1981;44S-24S,0.28,1981,44S-24S
915,1981;64S-44S,0.38,1981,64S-44S
916,1981;90S-64S,0.6,1981,90S-64S
918,1982;64N-90N,-0.4,1982,64N-90N
919,1982;44N-64N,0.09,1982,44N-64N
920,1982;24N-44N,-0.08,1982,24N-44N
921,1982;EQU-24N,0.25,1982,EQU-24N
922,1982;24S-EQU,0.29,1982,24S-EQU
923,1982;44S-24S,0.18,1982,44S-24S
924,1982;64S-44S,0.32,1982,64S-44S
925,1982;90S-64S,-0.11,1982,90S-64S
927,1983;64N-90N,0.19,1983,64N-90N
928,1983;44N-64N,0.69,1983,44N-64N
929,1983;24N-44N,-0.07,1983,24N-44N
930,1983;EQU-24N,0.29,1983,EQU-24N
931,1983;24S-EQU,0.58,1983,24S-EQU
932,1983;44S-24S,0.21,1983,44S-24S
933,1983;64S-44S,0.41,1983,64S-44S
934,1983;90S-64S,0.04,1983,90S-64S
936,1984;64N-90N,0.36,1984,64N-90N
937,1984;44N-64N,0.08,1984,44N-64N
938,1984;24N-44N,-0.13,1984,24N-44N
939,1984;EQU-24N,0.07,1984,EQU-24N
940,1984;24S-EQU,0.29,1984,24S-EQU
941,1984;44S-24S,0.16,1984,44S-24S
942,1984;64S-44S,0.32,1984,64S-44S
943,1984;90S-64S,0.52,1984,90S-64S
945,1985;64N-90N,0.38,1985,64N-90N
946,1985;44N-64N,-0.26,1985,44N-64N
947,1985;24N-44N,-0.01,1985,24N-44N
948,1985;EQU-24N,0.04,1985,EQU-24N
949,1985;24S-EQU,0.14,1985,24S-EQU
950,1985;44S-24S,0.3,1985,44S-24S
951,1985;64S-44S,0.44,1985,64S-44S
952,1985;90S-64S,0.03,1985,90S-64S
954,1986;64N-90N,0.0,1986,64N-90N
955,1986;44N-64N,0.28,1986,44N-64N
956,1986;24N-44N,0.03,1986,24N-44N
957,1986;EQU-24N,0.17,1986,EQU-24N
958,1986;24S-EQU,0.28,1986,24S-EQU
959,1986;44S-24S,0.25,1986,44S-24S
960,1986;64S-44S,0.25,1986,64S-44S
961,1986;90S-64S,-0.11,1986,90S-64S
963,1987;64N-90N,-0.36,1987,64N-90N
964,1987;44N-64N,0.13,1987,44N-64N
965,1987;24N-44N,0.12,1987,24N-44N
966,1987;EQU-24N,0.54,1987,EQU-24N
967,1987;24S-EQU,0.62,1987,24S-EQU
968,1987;44S-24S,0.32,1987,44S-24S
969,1987;64S-44S,0.25,1987,64S-44S
970,1987;90S-64S,0.01,1987,90S-64S
972,1988;64N-90N,0.59,1988,64N-90N
973,1988;44N-64N,0.57,1988,44N-64N
974,1988;24N-44N,0.24,1988,24N-44N
975,1988;EQU-24N,0.32,1988,EQU-24N
976,1988;24S-EQU,0.43,1988,24S-EQU
977,1988;44S-24S,0.38,1988,44S-24S
978,1988;64S-44S,0.2,1988,64S-44S
979,1988;90S-64S,0.87,1988,90S-64S
981,1989;64N-90N,0.32,1989,64N-90N
982,1989;44N-64N,0.69,1989,44N-64N
983,1989;24N-44N,0.25,1989,24N-44N
984,1989;EQU-24N,0.06,1989,EQU-24N
985,1989;24S-EQU,0.19,1989,24S-EQU
986,1989;44S-24S,0.36,1989,44S-24S
987,1989;64S-44S,0.3,1989,64S-44S
988,1989;90S-64S,0.35,1989,90S-64S
990,1990;64N-90N,0.58,1990,64N-90N
991,1990;44N-64N,0.88,1990,44N-64N
992,1990;24N-44N,0.49,1990,24N-44N
993,1990;EQU-24N,0.37,1990,EQU-24N
994,1990;24S-EQU,0.37,1990,24S-EQU
995,1990;44S-24S,0.37,1990,44S-24S
996,1990;64S-44S,0.37,1990,64S-44S
997,1990;90S-64S,0.36,1990,90S-64S
999,1991;64N-90N,0.74,1991,64N-90N
1000,1991;44N-64N,0.66,1991,44N-64N
1001,1991;24N-44N,0.26,1991,24N-44N
1002,1991;EQU-24N,0.32,1991,EQU-24N
1003,1991;24S-EQU,0.41,1991,24S-EQU
1004,1991;44S-24S,0.31,1991,44S-24S
1005,1991;64S-44S,0.29,1991,64S-44S
1006,1991;90S-64S,0.95,1991,90S-64S
1008,1992;64N-90N,-0.17,1992,64N-90N
1009,1992;44N-64N,0.44,1992,44N-64N
1010,1992;24N-44N,-0.04,1992,24N-44N
1011,1992;EQU-24N,0.19,1992,EQU-24N
1012,1992;24S-EQU,0.37,1992,24S-EQU
1013,1992;44S-24S,0.2,1992,44S-24S
1014,1992;64S-44S,0.33,1992,64S-44S
1015,1992;90S-64S,0.38,1992,90S-64S
1017,1993;64N-90N,0.54,1993,64N-90N
1018,1993;44N-64N,0.29,1993,44N-64N
1019,1993;24N-44N,-0.11,1993,24N-44N
1020,1993;EQU-24N,0.28,1993,EQU-24N
1021,1993;24S-EQU,0.36,1993,24S-EQU
1022,1993;44S-24S,0.27,1993,44S-24S
1023,1993;64S-44S,0.39,1993,64S-44S
1024,1993;90S-64S,-0.3,1993,90S-64S
1026,1994;64N-90N,0.34,1994,64N-90N
1027,1994;44N-64N,0.5,1994,44N-64N
1028,1994;24N-44N,0.42,1994,24N-44N
1029,1994;EQU-24N,0.27,1994,EQU-24N
1030,1994;24S-EQU,0.34,1994,24S-EQU
1031,1994;44S-24S,0.26,1994,44S-24S
1032,1994;64S-44S,0.23,1994,64S-44S
1033,1994;90S-64S,-0.05,1994,90S-64S
1035,1995;64N-90N,1.3,1995,64N-90N
1036,1995;44N-64N,0.98,1995,44N-64N
1037,1995;24N-44N,0.32,1995,24N-44N
1038,1995;EQU-24N,0.4,1995,EQU-24N
1039,1995;24S-EQU,0.45,1995,24S-EQU
1040,1995;44S-24S,0.29,1995,44S-24S
1041,1995;64S-44S,0.15,1995,64S-44S
1042,1995;90S-64S,0.14,1995,90S-64S
1044,1996;64N-90N,0.76,1996,64N-90N
1045,1996;44N-64N,0.17,1996,44N-64N
1046,1996;24N-44N,0.1,1996,24N-44N
1047,1996;EQU-24N,0.3,1996,EQU-24N
1048,1996;24S-EQU,0.32,1996,24S-EQU
1049,1996;44S-24S,0.33,1996,44S-24S
1050,1996;64S-44S,0.28,1996,64S-44S
1051,1996;90S-64S,1.19,1996,90S-64S
1053,1997;64N-90N,0.76,1997,64N-90N
1054,1997;44N-64N,0.9,1997,44N-64N
1055,1997;24N-44N,0.22,1997,24N-44N
1056,1997;EQU-24N,0.49,1997,EQU-24N
1057,1997;24S-EQU,0.52,1997,24S-EQU
1058,1997;44S-24S,0.42,1997,44S-24S
1059,1997;64S-44S,0.36,1997,64S-44S
1060,1997;90S-64S,-0.04,1997,90S-64S
1062,1998;64N-90N,0.86,1998,64N-90N
1063,1998;44N-64N,0.94,1998,44N-64N
1064,1998;24N-44N,0.65,1998,24N-44N
1065,1998;EQU-24N,0.59,1998,EQU-24N
1066,1998;24S-EQU,0.79,1998,24S-EQU
1067,1998;44S-24S,0.39,1998,44S-24S
1068,1998;64S-44S,0.31,1998,64S-44S
1069,1998;90S-64S,0.11,1998,90S-64S
1071,1999;64N-90N,0.4,1999,64N-90N
1072,1999;44N-64N,0.8,1999,44N-64N
1073,1999;24N-44N,0.74,1999,24N-44N
1074,1999;EQU-24N,0.15,1999,EQU-24N
1075,1999;24S-EQU,0.25,1999,24S-EQU
1076,1999;44S-24S,0.46,1999,44S-24S
1077,1999;64S-44S,0.19,1999,64S-44S
1078,1999;90S-64S,0.0,1999,90S-64S
1080,2000;64N-90N,0.96,2000,64N-90N
1081,2000;44N-64N,0.8,2000,44N-64N
1082,2000;24N-44N,0.55,2000,24N-44N
1083,2000;EQU-24N,0.2,2000,EQU-24N
1084,2000;24S-EQU,0.28,2000,24S-EQU
1085,2000;44S-24S,0.42,2000,44S-24S
1086,2000;64S-44S,0.1,2000,64S-44S
1087,2000;90S-64S,0.23,2000,90S-64S
1089,2001;64N-90N,1.05,2001,64N-90N
1090,2001;44N-64N,0.86,2001,44N-64N
1091,2001;24N-44N,0.68,2001,24N-44N
1092,2001;EQU-24N,0.39,2001,EQU-24N
1093,2001;24S-EQU,0.44,2001,24S-EQU
1094,2001;44S-24S,0.58,2001,44S-24S
1095,2001;64S-44S,0.24,2001,64S-44S
1096,2001;90S-64S,0.26,2001,90S-64S
1098,2002;64N-90N,1.24,2002,64N-90N
1099,2002;44N-64N,1.0,2002,44N-64N
1100,2002;24N-44N,0.58,2002,24N-44N
1101,2002;EQU-24N,0.54,2002,EQU-24N
1102,2002;24S-EQU,0.63,2002,24S-EQU
1103,2002;44S-24S,0.49,2002,44S-24S
1104,2002;64S-44S,0.32,2002,64S-44S
1105,2002;90S-64S,0.76,2002,90S-64S
1107,2003;64N-90N,1.48,2003,64N-90N
1108,2003;44N-64N,0.98,2003,44N-64N
1109,2003;24N-44N,0.54,2003,24N-44N
1110,2003;EQU-24N,0.6,2003,EQU-24N
1111,2003;24S-EQU,0.66,2003,24S-EQU
1112,2003;44S-24S,0.44,2003,44S-24S
1113,2003;64S-44S,0.24,2003,64S-44S
1114,2003;90S-64S,0.39,2003,90S-64S
1116,2004;64N-90N,0.45,2004,64N-90N
1117,2004;44N-64N,0.95,2004,44N-64N
1118,2004;24N-44N,0.66,2004,24N-44N
1119,2004;EQU-24N,0.55,2004,EQU-24N
1120,2004;24S-EQU,0.53,2004,24S-EQU
1121,2004;44S-24S,0.48,2004,44S-24S
1122,2004;64S-44S,0.23,2004,64S-44S
1123,2004;90S-64S,-0.02,2004,90S-64S
1125,2005;64N-90N,1.97,2005,64N-90N
1126,2005;44N-64N,1.22,2005,44N-64N
1127,2005;24N-44N,0.57,2005,24N-44N
1128,2005;EQU-24N,0.61,2005,EQU-24N
1129,2005;24S-EQU,0.61,2005,24S-EQU
1130,2005;44S-24S,0.49,2005,44S-24S
1131,2005;64S-44S,0.18,2005,64S-44S
1132,2005;90S-64S,0.67,2005,90S-64S
1134,2006;64N-90N,1.72,2006,64N-90N
1135,2006;44N-64N,1.06,2006,44N-64N
1136,2006;24N-44N,0.69,2006,24N-44N
1137,2006;EQU-24N,0.56,2006,EQU-24N
1138,2006;24S-EQU,0.53,2006,24S-EQU
1139,2006;44S-24S,0.51,2006,44S-24S
1140,2006;64S-44S,0.19,2006,64S-44S
1141,2006;90S-64S,0.45,2006,90S-64S
1143,2007;64N-90N,2.1,2007,64N-90N
1144,2007;44N-64N,1.32,2007,44N-64N
1145,2007;24N-44N,0.69,2007,24N-44N
1146,2007;EQU-24N,0.44,2007,EQU-24N
1147,2007;24S-EQU,0.47,2007,24S-EQU
1148,2007;44S-24S,0.49,2007,44S-24S
1149,2007;64S-44S,0.07,2007,64S-44S
1150,2007;90S-64S,1.24,2007,90S-64S
1152,2008;64N-90N,1.52,2008,64N-90N
1153,2008;44N-64N,1.07,2008,44N-64N
1154,2008;24N-44N,0.61,2008,24N-44N
1155,2008;EQU-24N,0.32,2008,EQU-24N
1156,2008;24S-EQU,0.41,2008,24S-EQU
1157,2008;44S-24S,0.52,2008,44S-24S
1158,2008;64S-44S,0.09,2008,64S-44S
1159,2008;90S-64S,0.61,2008,90S-64S
1161,2009;64N-90N,1.4,2009,64N-90N
1162,2009;44N-64N,0.6,2009,44N-64N
1163,2009;24N-44N,0.68,2009,24N-44N
1164,2009;EQU-24N,0.64,2009,EQU-24N
1165,2009;24S-EQU,0.69,2009,24S-EQU
1166,2009;44S-24S,0.6,2009,44S-24S
1167,2009;64S-44S,0.15,2009,64S-44S
1168,2009;90S-64S,0.96,2009,90S-64S
1170,2010;64N-90N,2.2,2010,64N-90N
1171,2010;44N-64N,0.86,2010,44N-64N
1172,2010;24N-44N,0.74,2010,24N-44N
1173,2010;EQU-24N,0.71,2010,EQU-24N
1174,2010;24S-EQU,0.64,2010,24S-EQU
1175,2010;44S-24S,0.63,2010,44S-24S
1176,2010;64S-44S,0.2,2010,64S-44S
1177,2010;90S-64S,0.49,2010,90S-64S
1179,2011;64N-90N,2.33,2011,64N-90N
1180,2011;44N-64N,0.94,2011,44N-64N
1181,2011;24N-44N,0.58,2011,24N-44N
1182,2011;EQU-24N,0.38,2011,EQU-24N
1183,2011;24S-EQU,0.34,2011,24S-EQU
1184,2011;44S-24S,0.64,2011,44S-24S
1185,2011;64S-44S,0.18,2011,64S-44S
1186,2011;90S-64S,1.06,2011,90S-64S
1188,2012;64N-90N,2.2,2012,64N-90N
1189,2012;44N-64N,0.93,2012,44N-64N
1190,2012;24N-44N,0.73,2012,24N-44N
1191,2012;EQU-24N,0.47,2012,EQU-24N
1192,2012;24S-EQU,0.56,2012,24S-EQU
1193,2012;44S-24S,0.56,2012,44S-24S
1194,2012;64S-44S,0.19,2012,64S-44S
1195,2012;90S-64S,0.4,2012,90S-64S
1197,2013;64N-90N,1.53,2013,64N-90N
1198,2013;44N-64N,1.04,2013,44N-64N
1199,2013;24N-44N,0.69,2013,24N-44N
1200,2013;EQU-24N,0.57,2013,EQU-24N
1201,2013;24S-EQU,0.57,2013,24S-EQU
1202,2013;44S-24S,0.62,2013,44S-24S
1203,2013;64S-44S,0.22,2013,64S-44S
1204,2013;90S-64S,0.88,2013,90S-64S
1206,2014;64N-90N,2.02,2014,64N-90N
1207,2014;44N-64N,1.14,2014,44N-64N
1208,2014;24N-44N,0.73,2014,24N-44N
1209,2014;EQU-24N,0.68,2014,EQU-24N
1210,2014;24S-EQU,0.64,2014,24S-EQU
1211,2014;44S-24S,0.72,2014,44S-24S
1212,2014;64S-44S,0.18,2014,64S-44S
1213,2014;90S-64S,0.56,2014,90S-64S
1215,2015;64N-90N,1.98,2015,64N-90N
1216,2015;44N-64N,1.48,2015,44N-64N
1217,2015;24N-44N,0.99,2015,24N-44N
1218,2015;EQU-24N,0.97,2015,EQU-24N
1219,2015;24S-EQU,0.93,2015,24S-EQU
1220,2015;44S-24S,0.75,2015,44S-24S
1221,2015;64S-44S,0.18,2015,64S-44S
1222,2015;90S-64S,-0.33,2015,90S-64S
1224,2016;64N-90N,3.24,2016,64N-90N
1225,2016;44N-64N,1.43,2016,44N-64N
1226,2016;24N-44N,1.07,2016,24N-44N
1227,2016;EQU-24N,0.95,2016,EQU-24N
1228,2016;24S-EQU,1.06,2016,24S-EQU
1229,2016;44S-24S,0.67,2016,44S-24S
1230,2016;64S-44S,0.25,2016,64S-44S
1231,2016;90S-64S,0.41,2016,90S-64S
1233,2017;64N-90N,2.51,2017,64N-90N
1234,2017;44N-64N,1.38,2017,44N-64N
1235,2017;24N-44N,1.03,2017,24N-44N
1236,2017;EQU-24N,0.86,2017,EQU-24N
1237,2017;24S-EQU,0.76,2017,24S-EQU
1238,2017;44S-24S,0.76,2017,44S-24S
1239,2017;64S-44S,0.35,2017,64S-44S
1240,2017;90S-64S,0.54,2017,90S-64S
1242,2018;64N-90N,2.13,2018,64N-90N
1243,2018;44N-64N,1.09,2018,44N-64N
1244,2018;24N-44N,1.05,2018,24N-44N
1245,2018;EQU-24N,0.72,2018,EQU-24N
1246,2018;24S-EQU,0.61,2018,24S-EQU
1247,2018;44S-24S,0.8,2018,44S-24S
1248,2018;64S-44S,0.37,2018,64S-44S
1249,2018;90S-64S,0.95,2018,90S-64S
1251,2019;64N-90N,2.69,2019,64N-90N
1252,2019;44N-64N,1.43,2019,44N-64N
1253,2019;24N-44N,0.99,2019,24N-44N
1254,2019;EQU-24N,0.9,2019,EQU-24N
1255,2019;24S-EQU,0.88,2019,24S-EQU
1256,2019;44S-24S,0.74,2019,44S-24S
1257,2019;64S-44S,0.39,2019,64S-44S
1258,2019;90S-64S,0.81,2019,90S-64S
1260,2020;64N-90N,2.89,2020,64N-90N
1261,2020;44N-64N,1.82,2020,44N-64N
1262,2020;24N-44N,1.19,2020,24N-44N
1263,2020;EQU-24N,0.88,2020,EQU-24N
1264,2020;24S-EQU,0.83,2020,24S-EQU
1265,2020;44S-24S,0.58,2020,44S-24S
1266,2020;64S-44S,0.39,2020,64S-44S
1267,2020;90S-64S,0.9,2020,90S-64S
1269,2021;64N-90N,2.01,2021,64N-90N
1270,2021;44N-64N,1.35,2021,44N-64N
1271,2021;24N-44N,1.26,2021,24N-44N
1272,2021;EQU-24N,0.72,2021,EQU-24N
1273,2021;24S-EQU,0.58,2021,24S-EQU
1274,2021;44S-24S,0.72,2021,44S-24S
1275,2021;64S-44S,0.32,2021,64S-44S
1276,2021;90S-64S,0.32,2021,90S-64S
